min_seg_size_forward,Init_Win_bytes_forward,Init_Win_bytes_backward,Flow Duration,Flow IAT Max,Packet Length Mean,Bwd Packet Length Max,Average Packet Size,Avg Bwd Segment Size,Max Packet Length,Bwd Packet Length Std,Fwd IAT Max,Flow IAT Std,Bwd IAT Std,Bwd Packet Length Mean,Fwd IAT Std,Fwd Packet Length Max,Flow IAT Mean,Fwd Header Length,Bwd IAT Max,Total Length of Bwd Packets,Subflow Bwd Bytes,Down/Up Ratio,Fwd IAT Total,Bwd IAT Min,Flow IAT Min,Fwd Packet Length Std,Bwd Packet Length Min,Fwd IAT Min,Label_Encoded
0.4,0.2805725831307147,3.452919443389386e-05,0.0083148506465009,0.0048031826923076,0.0014304485495416,0.0005174644243208,0.0016544699463921,0.0020677177565262,0.0002568493150684,0.0,0.0048074615384615,0.0068137516625,5.029098603491272e-05,0.0020677177565262,3.837962468431772e-05,0.0,0.0070511802120141,0.0006518668742983,0.0048075576923076,9.798584648884052e-05,9.798584648884052e-05,0.3333333333333333,0.008310725,0.9394563582351296,0.0015283655740794,0.0,0.0483870967741935,0.0088019646017699,1
0.6,0.0086298414437861,0.0081488898863989,0.8072739505036786,0.9307692307692308,0.474710245141128,0.4995256576110392,0.5068192935781173,0.5708377947790126,0.247945205479452,0.3654951225620509,0.9307692307692308,0.7,0.0001200810031172,0.5708377947790126,0.8818737270875764,0.0150684931506849,0.2852443551236749,0.0016296671857458,0.0001063173076923,0.063119216113228,0.063119216113228,0.3333333333333333,0.8075,8.503851299766428e-05,6.85365728286757e-06,0.0203849961065805,0.0,1.7699115044247792e-08,3
0.0,0.0081504058080202,0.0088740029695107,3.583477269670332e-07,4.134615384615385e-07,0.0033377132828201,0.0005174644243208,0.0049634098391763,0.0020677177565262,0.0002568493150684,0.0,0.0,0.0,0.0,0.0020677177565262,0.0,0.0002568493150684,1.5194346289752651e-06,0.0,0.0,3.26619488296135e-05,3.26619488296135e-05,0.3333333333333333,0.0,0.0,0.000150780460223,0.0,0.0483870967741935,0.0,1
0.042736397472387576,0.034733287977793265,0.022991577047197065,0.032992051828578645,0.048141911105406804,0.023595314785526046,0.014968523527664408,0.04280883252714825,0.020258928158749696,0.0352811697756334,0.014735861146799046,0.019240896645433266,0.00028232713706381475,0.029836709728962296,0.0018651985245228377,0.0031876101255297108,0.008777211826992249,0.013181724613011142,0.013826483077899389,0.03578447956397625,0.028612918398336185,0.03869046310554944,0.042582353296502506,0.028024956602103447,0.0035080281737702394,0.04601752942005794,0.035855017518888435,0.031019860557260484,0.001343758946988083,0
0.04674358431327316,0.02535879991878087,0.03931520647368153,0.00337970662144505,0.04435218704612445,0.038925673462800604,0.018770173687645605,0.02548277109514352,0.021393056988895112,0.030080353533109373,0.012037735850382253,0.003362620617288359,0.008567411023275451,0.012463989838383966,0.023949009081024653,0.0193563262247468,0.02029977816584065,0.016149839852342723,0.011550736638741189,0.03657360559847722,0.035929468241301596,0.03480731033535267,0.03151629806355031,0.007253807108479416,0.04059253550420508,0.008792468619509308,0.04291172124043552,0.04443638831160232,0.005040896572375309,0
0.031712211001865394,0.0430006486077787,0.004089816037528382,0.04179310086257207,0.010463687813398837,0.0022267359204763805,0.02416720041417103,0.00669575720929056,0.007035339271679592,0.026594038722941377,0.02573361101107869,0.012730848700237675,0.014503845382173704,0.012726613297145008,0.022160484250655733,0.027978667981072472,0.04830417503300691,0.016657193762119823,0.029389189384235473,0.010349106420979682,0.048681186211425836,0.010859252813203712,0.004781019124961017,0.03137186418633323,0.04149518083902936,0.036048673726237324,0.04388935717149917,0.0019115042690403539,0.034893102893288945,0
0.6,1.0,1.0,0.0424767478160372,0.0490012019230769,0.0,0.0,0.0,0.0,0.0,0.0,0.0490012019230769,0.073549878075,0.0,0.0,0.0733784580651731,0.0,0.0600353945936395,0.000760511353348,0.0,0.0,0.0,0.0,0.0424750416666666,0.0,0.0004386340661035,0.0,0.0,1.5575221238938054e-05,6
0.029375694535068005,0.01843937298882803,0.03348829560200053,0.04443125584417637,0.016292065076169,0.015071743763112317,0.007761864206103181,0.01564828789848425,0.03865453129381601,0.041232253592232246,0.025445545120654868,0.004236088109426306,0.029224849393487285,0.0007114341490097099,0.016245331838669146,0.04091387722101153,0.0114465976620523,0.018281622094421596,0.015835006446875355,0.017602575829938866,0.02164254758234263,0.043354204297190314,0.04693596383427014,0.02838556972013695,0.036977296475953055,0.01423542337499072,0.03755514875097268,0.007836126621408535,0.02307511873123132,0
0.03077832721647497,0.0008605076310322813,0.012022112482496307,0.018089791685126883,0.006138407934241231,0.03476387333782526,0.04045226094194515,0.01648044652217979,0.0034334624520862833,0.009954360334469127,0.021101331116536056,0.02719801525666278,0.004294381864039443,0.0316652691365193,0.03523533268338251,0.013253076552544096,0.04638573962240458,0.01490286268228332,0.009603475101666398,0.046402239899575176,0.01970550983078267,0.025865144697629263,0.03444806488249956,0.03769227241794022,0.02244421529243302,0.022921287074747405,0.03609981576013834,0.049298620885941905,0.02087608978884808,0
0.6,1.0,1.0,0.0490601539161823,0.0565972211538461,0.0,0.0,0.0,0.0,0.0,0.0,0.0565972211538461,0.0849524087,0.0,0.0,0.0847554605498981,0.0,0.0693401884452296,0.000760511353348,0.0,0.0,0.0,0.0,0.0490581833333333,0.0,0.0004523413806692,0.0,0.0,1.5415929203539824e-05,6
0.0,0.0081504058080202,0.0088740029695107,1.6667336138001544e-07,1.9230769230769234e-07,0.0033377132828201,0.0005174644243208,0.0049634098391763,0.0020677177565262,0.0002568493150684,0.0,0.0,0.0,0.0,0.0020677177565262,0.0,0.0002568493150684,7.067137809187279e-07,0.0,0.0,3.26619488296135e-05,3.26619488296135e-05,0.3333333333333333,0.0,0.0,7.196340147010949e-05,0.0,0.0483870967741935,0.0,1
0.014779539931089653,0.0134902492740489,0.005599499317819868,0.00604413485256316,0.010625969504575672,0.03174903996400185,0.0066938742283366055,0.02145236530172145,0.016654091381447206,0.04159239608425849,0.02504801772522379,0.022633608960039926,0.017343359294408556,0.022500310711776435,0.023685114118821904,0.0017166391576882213,0.02038204145883156,0.018910917968824582,0.039136359387069324,0.027729833158972362,0.028167187324116605,0.03492733583445295,0.04217801147992925,0.025331709369644663,0.027417515950208412,0.011763715963447226,0.009418963021652849,0.03278128884304818,0.03253598901733665,0
0.0027678765122408355,0.006083629719334066,0.03227575076148236,0.023661991507152744,0.011491949288906955,0.008398754512503465,0.042612223753793046,0.0038181847153491546,0.011612427708970903,0.0067479715758254405,0.022254326824485957,0.02497829577278425,0.027315051085075245,0.0033695538206944264,0.022536250126142,0.010771113246299126,0.04049346986977193,0.04698711169582295,0.0028257132483913705,0.01249727445790681,0.0385223658266309,0.04712295778311412,0.014081351716521723,0.04753711047584626,0.0352801235807018,0.03897455268188385,0.0008338584123970816,0.035767906634292745,0.04939331428218494,0
0.6,1.0,1.0,0.0487989100895552,0.0562974326923076,0.0,0.0,0.0,0.0,0.0,0.0,0.0562974326923076,0.08450361975,0.0,0.0,0.0843089031771894,0.0,0.0689709540636042,0.000760511353348,0.0,0.0,0.0,0.0,0.04879695,0.0,0.0004454877233863,0.0,0.0,1.24070796460177e-05,6
0.02066954078981231,0.01239160910333006,0.03014593739905623,0.035239019740341326,0.019311312294111857,0.03519713390659212,0.0032848093920278434,0.044647067831086476,0.022302877024538884,0.034531067697472044,0.014528490231693676,0.005149786477867325,0.04436863024100051,0.004928778302127623,0.04368508527810143,0.042002708989747534,0.043538444971382526,0.04566444305713377,0.007683497901296,0.03466756211753666,0.019148631458906374,0.041403148454573935,0.019542671959599675,0.00041004977927044386,0.03578528377504383,0.00910565051919492,0.04038012902745548,0.03490067665416468,0.031986091413457006,0
0.007426769412669365,0.014010227857631664,0.02120731782597345,0.026468873844495873,0.029496538163416214,0.039590579053006524,0.0013447264579225906,0.0009210470258278314,0.04639683724863255,0.01770736721290601,0.01798773065675181,0.012016603241826474,0.03449585173813276,0.02757263220608905,0.03314213762692406,0.040303620611305116,0.024456473177063554,0.0232071543654805,0.04775837323080781,0.046317459965780516,0.0091309541316415,0.0004198200237920502,0.026559916706319294,0.035764150488868544,0.04560957058876955,0.013843020366575844,0.03425267285990194,0.016919633614344932,0.027970616699910807,0
0.6,1.0,1.0,0.0441553652405038,0.0509379326923076,0.0,0.0,0.0,0.0,0.0,0.0,0.0509379326923076,0.0764570820499999,0.0,0.0,0.0762790936252545,0.0,0.0624079034275618,0.000760511353348,0.0,0.0,0.0,0.0,0.0441535916666666,0.0,0.0004283535801792,0.0,0.0,1.568141592920354e-05,6
0.04138593295522752,0.03573667831626087,0.007947908971462725,0.02452679048199495,0.02598287550769131,0.0456038929253634,0.02014907922094382,0.006148939149028376,0.001615300727598612,0.0398976985469896,0.03211192702339973,0.04155214876451699,0.04089433644056399,0.006788176835122034,0.04608208090337462,0.018886885989605286,0.023026621565165075,0.03422736185363919,0.017556194158332195,0.0013618587315365306,0.03007338954103958,0.04320932142555417,0.025153549950835147,0.01898806168226787,0.04852937166269497,0.007943034521501453,0.02941215023434205,0.015341402093873953,0.01711793866083616,0
0.0,0.0081504058080202,0.0088740029695107,3.916823992430363e-07,4.51923076923077e-07,0.0033377132828201,0.0005174644243208,0.0049634098391763,0.0020677177565262,0.0002568493150684,0.0,0.0,0.0,0.0,0.0020677177565262,0.0,0.0002568493150684,1.6607773851590106e-06,0.0,0.0,3.26619488296135e-05,3.26619488296135e-05,0.3333333333333333,0.0,0.0,0.0001644877747888,0.0,0.0483870967741935,0.0,1
0.6,1.0,1.0,0.0454752849239444,0.0524612307692307,0.0,0.0,0.0,0.0,0.0,0.0,0.0524612307692307,0.078744002475,0.0,0.0,0.0785611619348268,0.0,0.0642734393286219,0.000760511353348,0.0,0.0,0.0,0.0,0.0454734583333333,0.0,0.0004454877233863,0.0,0.0,1.4991150442477877e-05,6
0.038717664942361896,0.03968363350052839,0.024817777708157903,0.025842283295555515,0.021592747515718925,0.026432166676985464,0.029664807491880024,0.03372042696123109,0.019557823233673846,0.015222162172039679,0.01936504291616365,0.031467884913257325,0.01980345342296477,0.01542775889517824,0.043456542944708784,0.02324971013644795,0.009659477876988933,0.02551470602731,0.04752674582352642,0.00244106037938186,0.000589715531403906,0.023900671404915447,0.037182709375521074,0.030341221831946708,0.002056650626655465,0.027946752728214553,0.007299865259086886,0.02785085094997819,0.0385613338908683,0
0.6,1.0,1.0,0.0294454327248811,0.0339660384615384,0.0,0.0,0.0,0.0,0.0,0.0,0.0339660384615384,0.050980707425,0.0,0.0,0.0508602177800407,0.0,0.0416173144876325,0.000760511353348,0.0,0.0,0.0,0.0,0.02944425,0.0,0.0007162071860596,0.0,0.0,1.4902654867256638e-05,6
0.04365770664553151,0.004009244420965574,0.04036782791142885,0.04076772808525941,0.003352308515743113,0.012495599052148238,0.010049765126160005,0.010907187862318903,0.03919697011041483,0.02807814827673698,0.006927385711872747,0.047312324490046555,0.04530678178131006,0.005725194595849226,0.010657474689956632,0.005431634159361415,0.021949737209994692,0.03691526382045151,0.004569810398057656,0.033784394966206645,0.026218024106817818,0.01654750091808715,0.0194654138305163,0.015852047404520477,0.017444513590330186,0.033886776604701546,0.011751627239009133,0.043849590661111285,0.003784822283348849,0
0.6,0.0078764425875826,0.0,8.333668069000772e-09,9.615384615384617e-09,0.005191998439757,0.0,0.0077208597498298,0.0,0.0005993150684931,0.0,9.615384615384617e-09,0.0,0.0,0.0,0.0,0.0005993150684931,3.533568904593639e-08,0.0003983630898489,0.0,0.0,0.0,0.0,8.333333333333334e-09,0.0,6.85365728286757e-06,0.0014042894480964,0.0,1.7699115044247792e-08,2
0.6,0.0081504058080202,0.0081488898863989,3.750150631050347e-07,4.326923076923077e-07,0.0,0.0,0.0,0.0,0.0,0.0,0.0,0.0,0.0,0.0,0.0,0.0,1.590106007067138e-06,0.0001086444790497,0.0,0.0,0.0,0.3333333333333333,0.0,0.0,0.0001576341175059,0.0,0.0,0.0,6
0.0,0.0081504058080202,0.0088740029695107,3.000120504840278e-07,3.461538461538462e-07,0.0033377132828201,0.0005174644243208,0.0049634098391763,0.0020677177565262,0.0002568493150684,0.0,0.0,0.0,0.0,0.0020677177565262,0.0,0.0002568493150684,1.2720848056537105e-06,0.0,0.0,3.26619488296135e-05,3.26619488296135e-05,0.3333333333333333,0.0,0.0,0.000126792659733,0.0,0.0483870967741935,0.0,1
0.6,1.0,1.0,0.0487925598344866,0.0562901153846153,0.0,0.0,0.0,0.0,0.0,0.0,0.0562901153846153,0.084492642875,0.0,0.0,0.0842979581466395,0.0,0.0689619787985865,0.000760511353348,0.0,0.0,0.0,0.0,0.0487906,0.0,0.0004454877233863,0.0,0.0,1.238938053097345e-05,6
0.6,1.0,1.0,0.0433636501066126,0.0500243269230769,0.0,0.0,0.0,0.0,0.0,0.0,0.0500243269230769,0.075085564925,0.0,0.0,0.0749105611608961,0.0,0.061288916360424,0.000760511353348,0.0,0.0,0.0,0.0,0.0433619083333333,0.0,0.0003598170073505,0.0,0.0,1.5911504424778762e-05,6
0.03710156214651952,0.030713227027115698,0.007688670622120631,0.017354058577353677,0.013875623805594511,0.022863426844638296,0.021689521423803756,0.035636469858957,0.045022351389350825,0.029230296287194965,0.03545491525100077,0.014101480495283003,0.033420238458440665,0.046434368173901716,0.02878750720585975,0.04201706687732956,0.008157188196225884,0.04757443992189653,0.00826969102748904,0.024323532915600878,0.02751014539643903,0.0407437887618759,0.0390088434162415,0.03395513000247809,0.02599463595111359,0.02583408899410243,0.012058882248117214,0.008912747997468084,0.019513661484010483,0
0.036476924083081216,0.003699537118656654,0.01380230884985753,0.018599855672300335,0.0337477703554896,0.031025124028483394,0.018151262779863626,0.03637690000036871,0.02138348012074875,0.02283878542062554,0.029794260813313062,0.007205249641155326,0.022384888066550826,0.014361847239949967,0.016300043344234395,0.0200725065998626,0.001522634329607131,0.015635506269321187,0.03297977889107639,0.032408752254728446,0.027948369516011574,0.04532538868753361,0.04866315432366631,0.022229447239586687,0.0030280014242904775,0.034581940082152596,0.013878739625897585,0.01543472244053919,0.04051843872967287,0
0.6,1.0,1.0,0.0455461627708713,0.0525441923076923,0.0,0.0,0.0,0.0,0.0,0.0,0.0525441923076923,0.0788694245999999,0.0,0.0,0.0786871882484725,0.0,0.0643736160070671,0.000760511353348,0.0,0.0,0.0,0.0,0.0455443333333333,0.0,0.0002535853194661,0.0,0.0,1.2814159292035398e-05,6
0.6,0.0078764425875826,0.0,8.333668069000772e-09,9.615384615384617e-09,0.005191998439757,0.0,0.0077208597498298,0.0,0.0005993150684931,0.0,9.615384615384617e-09,0.0,0.0,0.0,0.0,0.0005993150684931,3.533568904593639e-08,0.0003983630898489,0.0,0.0,0.0,0.0,8.333333333333334e-09,0.0,6.85365728286757e-06,0.0014042894480964,0.0,1.7699115044247792e-08,2
0.0,0.2805725831307147,0.0082179482752667,0.0005537222411766,0.000615048076923,0.0237116714467013,0.0110392410521776,0.0268654405557179,0.0153930099663995,0.008347602739726,0.012463308077011,0.0006297692307692,0.0006478238955,0.0011119915394014,0.0153930099663995,0.0007645879566191,0.008347602739726,0.0003913074204946,0.0006518668742983,0.000615048076923,0.000729450190528,0.000729450190528,0.0,0.0005537,0.0017083292388864,0.0004214999228963,0.0135530598951194,0.0,4.053097345132743e-06,1
0.6,1.0,1.0,0.0487989100895552,0.0562974326923076,0.0,0.0,0.0,0.0,0.0,0.0,0.0562974326923076,0.08450361975,0.0,0.0,0.0843089031771894,0.0,0.0689709540636042,0.000760511353348,0.0,0.0,0.0,0.0,0.04879695,0.0,0.0004454877233863,0.0,0.0,1.24070796460177e-05,6
0.03710091311249689,0.042599734220540704,0.022437558582700162,0.04697941139771688,0.031948515280188515,0.021039668863211104,0.048584417829120874,0.027393962530714577,0.03571377579813226,0.0034317204766495524,0.03956606910602983,0.03615613562442747,0.049193986256975186,0.01242097404355152,0.038429695042398765,0.04669765903729412,0.02078881926636178,0.03832215606401868,0.012875179683530275,0.04985340295807522,0.03355767377017233,0.040465788829787644,0.04601911636650737,0.012619493828909902,0.049274303622039654,0.044639747549825304,0.013022272570325972,0.017729001437045627,0.026759963303747598,0
0.0018857808432890311,0.025522436167955815,0.002851569572125684,0.006415144198966216,0.00237753979099532,0.04903041617911158,0.04545944682020095,0.01311714945635224,0.004389973771842998,0.04208631512571697,0.02840460513332901,0.03236164731529867,0.0336450600928771,0.03784783645553527,0.042113590762556864,0.03767229062209257,0.024075142019020074,0.035626067879942346,0.0019526285017363644,0.04294468090168434,0.03211224172525876,0.01844981923462773,0.008024922611873942,0.038274106214665184,0.01802308700527967,0.010835985818574236,0.045899772340037504,0.016632343404996527,0.01940657164832701,0
0.005401255938957694,0.018648779574476516,0.02112030718442129,0.040672367177903845,0.025208322662176947,0.03846359176008868,0.004277384621320479,0.032011645922956376,0.02532629446545024,0.040793505386802556,0.001104058664144142,0.0001836283020246965,0.003358365752200526,0.03609609334504343,0.0449342115516372,0.03584761724455761,0.004154815453179139,0.016323748068970856,0.00022346530290165978,0.030262053307628364,0.010284739360879647,0.007831125095219826,0.03343086822539992,0.023733050241589667,0.03186453538348929,0.03984916125485648,0.027170073214655983,0.04196430726348407,0.011988277824727596,0
0.017698714395874643,0.0230467521037582,0.009507933164670296,0.04839389619314109,0.020200730493981068,0.016641174965351196,0.04043160808669125,0.017774555903038447,0.02264595539370108,0.0287713287171121,0.04303870340333337,0.004716010858795284,0.040661022317783735,0.019745467047026705,0.006621034323365693,0.0015363112523777813,0.04836438510870908,0.04068889135241148,0.025915268537990505,0.026742785895531175,0.008283729285960028,0.04442999299261563,0.03262891418841162,0.03191387129994002,0.03236412271673405,0.04511148274703692,0.039750397599568915,0.04195741732190509,0.04398822711520867,0
0.03541908370935253,0.04356781399969022,0.029445981024358733,0.02450620989490552,0.01091958255035973,0.03508873232870107,0.04140937582415879,0.00022294345442324672,0.04246061897615017,0.01684672107704915,0.027485593560257895,0.024499260829503624,0.009704651842558849,0.03944198891443619,0.04849502087190166,0.04590770059381419,0.0007832672044653489,0.027246647967871154,0.012137015487990316,0.0023726067851861047,0.02432611666735439,0.04635859769291772,0.048663074388594366,0.045332133439992296,0.017222814502376182,0.029137507000677576,0.04754148476695477,0.021630848583918356,0.02191204424728049,0
0.0,0.2805725831307147,0.0082179482752667,0.0010760515547374,0.0012230576923076,0.0239202785268776,0.0110392410521776,0.0271017934059903,0.0153930099663995,0.0084760273972602,0.012463308077011,0.0012336153846153,0.0012943061485,0.002233099642394,0.0153930099663995,0.0015037603344195,0.0084760273972602,0.0007604299176678,0.0006518668742983,0.0012230576923076,0.000729450190528,0.000729450190528,0.0,0.0010760083333333,0.0010563673059043,6.168291554580814e-05,0.0137657500579032,0.0,3.008849557522124e-07,1
0.6,1.0,1.0,0.0467395607056883,0.0539204903846153,0.0,0.0,0.0,0.0,0.0,0.0,0.0539204903846153,0.08093491685,0.0,0.0,0.0807475620366598,0.0,0.0660603297879858,0.000760511353348,0.0,0.0,0.0,0.0,0.0467376833333333,0.0,0.0003255487209362,0.0,0.0,1.4e-05,6
0.012003528067898412,0.019256492516414894,0.025888560917347515,0.044335022750611096,0.047545566217673106,0.04003285437869455,0.039570839002906456,0.01788036171488247,0.017616127046444743,0.020308432387062036,0.0251256663906143,0.04062203709289991,0.011620438027962327,0.007515810655600786,0.021749082869641112,0.035908027659160235,0.02833508046592688,0.0428045722224012,0.022001623692737945,0.009931452391538254,0.03581623793549651,0.035251970454297,0.00851679952542172,0.0051212895995143065,0.0383774824322561,0.015124883243018972,0.048040531409006125,0.04366148369430061,0.00518483126295834,0
0.0,0.0081504058080202,0.0088740029695107,1.6667336138001544e-07,1.9230769230769234e-07,0.0033377132828201,0.0005174644243208,0.0049634098391763,0.0020677177565262,0.0002568493150684,0.0,0.0,0.0,0.0,0.0020677177565262,0.0,0.0002568493150684,7.067137809187279e-07,0.0,0.0,3.26619488296135e-05,3.26619488296135e-05,0.3333333333333333,0.0,0.0,7.196340147010949e-05,0.0,0.0483870967741935,0.0,1
0.0,0.2805725831307147,0.0082179482752667,0.0024179054525356,0.0027684134615384,0.0196368798139251,0.0110392410521776,0.0216306626312343,0.0120616869130697,0.008347602739726,0.0107090803573004,0.0027777884615384,0.00254203444,0.0041383066259351,0.0120616869130697,0.0029376256517311,0.008347602739726,0.0012815238515901,0.0008329410060478,0.0027684134615384,0.0007621121393576,0.0007621121393576,0.0,0.0024178083333333,0.0007048747855139,0.000126792659733,0.0120908108201676,0.0,8.495575221238938e-07,1
0.03683716802925562,0.01075302138296595,0.024429676595868012,0.03188591240293974,0.041602587125238615,0.04372176734605246,0.00294497599202207,0.02724765162119988,0.049691855266455275,0.005058582856718613,0.002050463547672221,0.003134396672826845,0.03261575971418248,0.024474813197571377,0.011048488090178771,0.014585599981436255,0.037932559857186195,0.014659514850093326,0.0014473925270416356,0.024611330497542418,0.024863121304165292,0.00702889070475235,0.04608988406847386,0.002443275270582368,0.03397075222728206,0.006879439621170969,0.000413613719287248,0.006234551575902136,0.022850041769327995,0
0.0033213711006355564,0.04389679341571344,0.042679374005190486,0.03358110580771307,0.004311782764855038,0.04268483800577875,0.00018760792259608916,0.04112522478726537,0.041519864905463756,0.03572116197955228,0.03812151773696156,0.006083535653784023,0.008092746933042438,0.019178831093233296,0.03900825859722269,0.035510977291243064,0.04822909789805243,0.043444273145562845,0.018268893008141312,0.044655586557032195,0.01720694928311229,0.004682380579986112,0.01143619435246972,0.0006935099195403472,0.038491976574511505,0.03242104126298944,0.02777232395679832,0.028605268684015646,0.03612278452722776,0
0.6,1.0,0.0397431027934118,0.562960037228162,0.0363852884615384,0.4202376084041365,0.1611901681759379,0.4179719221725315,0.6086811010597054,0.0800085616438356,0.053424231617165,0.0363852884615384,0.0105836821775,0.0125390741820448,0.6086811010597054,0.0098471873136456,0.025042808219178,0.007800698745583,0.0587042335132003,0.0363935096153846,0.999940119760479,0.999940119760479,0.0,0.5625,7.558978933125714e-06,1.7134143207168924e-05,0.0359415963324661,0.0,1.5486725663716813e-05,6
0.0,0.2805725831307147,0.0082179482752667,0.0005826234020399,0.000649923076923,0.0237116714467013,0.0110392410521776,0.0268654405557179,0.0153930099663995,0.008347602739726,0.012463308077011,0.0006628076923076,0.000685180249,0.001181115194763,0.0153930099663995,0.0008048420167006,0.008347602739726,0.0004117314487632,0.0006518668742983,0.000649923076923,0.000729450190528,0.000729450190528,0.0,0.0005826,0.0011546340320349,8.909754467727841e-05,0.0135530598951194,0.0,4.424778761061947e-07,1
0.005610971056245845,0.01824654574488333,0.004510621004584531,0.021591764019693555,0.0059258459504467845,0.042524714189054125,0.048236067427095956,0.041961028533788775,0.02392095170081194,0.010526942675417539,0.029618449704338523,0.01355266001664961,4.543808398455029e-05,0.03769998031263132,0.013809805976139823,0.013133879959207256,0.004591435092895147,0.02650145627541537,0.04872808172659013,0.048238365431773206,0.018831725336509605,0.020668481985598088,0.011026120712514464,0.023863387596426835,0.01341508088032839,0.016316227457557852,0.020969591639444923,0.012966721485166739,0.03687885488552066,0
0.0,0.2805725831307147,0.0082179482752667,0.0006121329206723,0.0006897307692307,0.0239202785268776,0.0110392410521776,0.0271017934059903,0.0153930099663995,0.0084760273972602,0.012463308077011,0.0007002884615384,0.0007286273605,0.00125484121596,0.0153930099663995,0.0008527414299389,0.0084760273972602,0.0004325853946996,0.0006518668742983,0.0006897307692307,0.000729450190528,0.000729450190528,0.0,0.0006121083333333,0.0010771544979704,6.510974418724192e-05,0.0137657500579032,0.0,3.185840707964602e-07,1
0.02535840262553131,0.031694100424719825,0.03993254583981948,0.023426671122543586,0.041027314062756115,0.009494612975093958,0.027735049003376862,0.03126553438297848,0.03265288938898139,6.418954306447455e-05,0.021275252306371256,0.009946718140429656,0.028212004954044002,0.028614926213677845,0.03276690605044662,0.0463211820866547,0.004600027754722841,0.010194267157739273,0.0445339377478996,0.04291114249736264,0.0005048684693026384,0.010548200561865367,0.026764132163644122,0.01894740785797197,0.029828928291385243,0.024107934367005254,0.01817161883038343,0.02469618758959002,0.004041857906469809,0
0.0423791099752755,0.013650973557112861,0.04070181060031225,0.04628795141823386,0.01464953293567034,0.02487131470102365,0.031738118198721695,0.04838264366005848,0.01276500285797656,0.015448792432781862,0.04580445495345973,0.026949971046447488,0.002652165652123839,0.005042870858656312,0.029558724656582783,0.03095496142463282,0.0006558147087177779,0.02903014956863243,0.035427811599323365,0.004569417682544741,0.028358498162393456,0.009300365996122568,0.002602523420964453,0.030109887941988045,0.021795329792005064,0.026310751803248517,0.043060307011818975,0.0298958250996979,0.0489566963010824,0
0.0,0.2805725831307147,0.0082179482752667,0.0006678684927177,0.0007423557692307,0.0236421357533092,0.0110392410521776,0.026786656274132,0.0153930099663995,0.0083047945205479,0.012463308077011,0.0007614519230769,0.0007820638982499,0.0013466240289276,0.0153930099663995,0.0009256362116089,0.0083047945205479,0.0004719729091872,0.0006518668742983,0.0007423557692307,0.000729450190528,0.000729450190528,0.0,0.0006678416666666,0.0015836060864898,0.0001576341175059,0.0134821638177388,0.0,7.964601769911504e-07,1
0.02549361370901161,0.03407206186546891,0.033802588178662364,0.013826200675158391,0.03360948754503639,0.040481639707253506,0.018929845335937404,0.014108491064462554,0.002839467358232284,0.027672687688163996,0.016160875954475126,0.046207377527654775,0.0286285111864537,0.04675193659554028,0.019675192282481508,0.01651266972280002,0.04574124237588748,0.001421689849333374,0.005726179306445456,0.025975497232441632,0.048105084021336016,0.04639665053122973,0.0032815209107448008,0.03969444386869406,0.02749400725085212,0.008985841903545238,0.02185237024417576,0.04255602538354514,0.036102539302565045,0
0.007719835778190121,0.047200627565157374,0.014719424757615025,0.027550705125685887,0.0495660796849645,0.03696559967080668,0.046271725204403306,0.038604841029227566,0.021617052087672298,0.0014530255937059977,0.024609366082390255,0.006029809586333229,0.027059791757028495,0.04513028668153362,0.002238067588088355,0.007882954920399898,0.04502561573936037,0.03884898755714276,0.03849318996937698,0.03264563260586717,0.03832157152249929,0.0345394122349027,0.026621407712514828,0.02854368471711088,0.04277075503179685,0.011377455532429415,0.01651584620732169,0.04786136459729105,0.04319837466783524,0
0.0,0.2805725831307147,0.0082179482752667,0.0005826234020399,0.000649923076923,0.0237116714467013,0.0110392410521776,0.0268654405557179,0.0153930099663995,0.008347602739726,0.012463308077011,0.0006628076923076,0.000685180249,0.001181115194763,0.0153930099663995,0.0008048420167006,0.008347602739726,0.0004117314487632,0.0006518668742983,0.000649923076923,0.000729450190528,0.000729450190528,0.0,0.0005826,0.0011546340320349,8.909754467727841e-05,0.0135530598951194,0.0,4.424778761061947e-07,1
0.040618831709026255,0.0026884834001403624,0.012148891384720218,0.04532413207413825,0.034463047174735986,0.010894688984460216,0.009249340124936561,0.026910713753689353,0.011137143387972266,0.042100889445446724,0.020126267798638103,0.015007154275791286,0.015158071157752036,0.023831756182675218,0.03224491266703573,0.021840431022202178,0.04123343936553155,0.006938400059582645,0.01898929199854313,0.04722128691721508,0.03233420164225092,0.006318214071063916,0.04414756950318064,0.03264509603055177,0.020942200590253687,0.04720528040128569,0.043724820517427064,0.0035321646103546214,0.014137169485476615,0
0.6,1.0,0.0081488898863989,0.0819541418246966,0.0481116346153846,0.0465425574456239,0.031910306166451,0.0519089945680525,0.0318773154131127,0.0163955479452054,0.0319213144636861,0.046412375,0.0599646635,0.0707850382294264,0.0318773154131127,0.0567365375763747,0.0163955479452054,0.0496421100353356,0.0010502299641473,0.0481171634615384,0.0020141535111594,0.0020141535111594,0.3333333333333333,0.0402541,0.0037643715086966,0.0003049877490876,0.0271651666091927,0.0,1.520353982300885e-05,6
0.021993314423431387,0.0005646814775940757,0.027128703892294916,0.010037321485242223,0.015025538210473217,0.002609598217150339,0.03675592821750036,0.0003534889423700727,0.047136807038849884,0.049899526186990444,0.023008861357863192,0.03348178849223695,0.021400586909800012,0.020491700152329664,0.029797988293002294,0.009713046780155183,0.04820767473653237,0.023231777423201136,0.01653688831152315,0.00909991047590628,0.007827122603551173,0.0028052038323297616,0.025432046172628814,0.027086530773871353,0.01159000270897987,0.015406330649891038,0.046921728267503925,0.025522077889232532,0.0073429544521549876,0
0.6,1.0,1.0,0.0420803652280033,0.0485438557692307,0.0,0.0,0.0,0.0,0.0,0.0,0.0485438557692307,0.07286335095,0.0,0.0,0.072693471771894,0.0,0.0594751590106007,0.000760511353348,0.0,0.0,0.0,0.0,0.042078675,0.0,0.0003358292068605,0.0,0.0,1.5575221238938054e-05,6
0.01744909420030588,0.030065421107166618,0.04058810659780309,0.005696137083920933,0.012446486077763136,0.01010509304546205,0.006190700852769338,0.015238439762646461,0.048848265256108234,0.02931507562573492,0.04763659905729552,0.04110731667709572,0.02042240740404956,0.04880763987886666,0.002165248917206908,0.03725182482319483,0.016435020308788514,0.034804099914643415,0.01629871411349688,0.0137039138067716,0.004772248930666207,0.007993636007464984,0.03464933695582308,0.015688185342005886,0.042659948603465926,0.003783853244182406,0.049156130895507355,0.01730706605631557,0.01102521494591216,0
0.6,1.0,1.0,0.0421285088284379,0.0485994807692307,0.0,0.0,0.0,0.0,0.0,0.0,0.0485994807692307,0.0729469078,0.0,0.0,0.0727768988594704,0.0,0.0595432037809187,0.000760511353348,0.0,0.0,0.0,0.0,0.0421268166666666,0.0,0.0005414389253465,0.0,0.0,1.543362831858407e-05,6
0.6,0.0493133796787781,0.0,2.9251174922192707e-06,3.375e-06,0.0,0.0,0.0,0.0,0.0,0.0,3.375e-06,0.0,0.0,0.0,0.0,0.0,1.2402826855123674e-05,0.0003983630898489,0.0,0.0,0.0,0.0,2.925e-06,0.0,0.0012062436817846,0.0,0.0,6.212389380530974e-06,6
0.6,1.0,0.0089085321639446,0.1053802077716788,0.025339423076923,0.0500552032911014,0.0841742130228546,0.0505779947064848,0.0305155120530714,0.0417808219178082,0.0385324775105841,0.0259908076923076,0.0165655254649999,0.0205869522369077,0.0305155120530714,0.0188877249124236,0.0273972602739726,0.0087612533780918,0.0059754463477347,0.025339423076923,0.0149428415895481,0.0149428415895481,0.3333333333333333,0.0875,5.669234199844285e-06,1.370731456573514e-05,0.0198854969530978,0.0,4.938053097345133e-06,2
0.6,1.0,1.0,0.0447388803450271,0.0516130673076923,0.0,0.0,0.0,0.0,0.0,0.0,0.0516130673076923,0.077471940975,0.0,0.0,0.07729307898167,0.0,0.0632326266077738,0.000760511353348,0.0,0.0,0.0,0.0,0.0447370833333333,0.0,0.0003221218922947,0.0,0.0,1.2230088495575222e-05,6
0.0075896892696691864,0.005880460948183769,0.034417816432122154,0.00574276533917017,0.0497532030196421,0.0027887978390370217,0.04759379469921992,0.033981342319543965,0.004071534145478939,0.008090410785293095,0.0092394130687945,0.0471817282681381,0.014591776338642438,0.039256562482386556,0.04710439137860402,0.028514151111413984,0.030345328239932308,0.03425368773965659,0.005722520316265928,0.031462338553224375,0.00014599559621084057,0.03174031774469534,0.035630188309183256,0.025699229596349394,0.01676378726496764,0.041941613599388236,0.033593061984438906,0.03218985854793871,0.04893661158275502,0
0.0,0.2805725831307147,0.0082179482752667,0.000693377850677,0.0007777019230769,0.0237116714467013,0.0110392410521776,0.0268654405557179,0.0153930099663995,0.008347602739726,0.012463308077011,0.000791375,0.00082079533275,0.0014136316541147,0.0153930099663995,0.0009625271460285,0.008347602739726,0.00049,0.0006518668742983,0.0007777019230769,0.000729450190528,0.000729450190528,0.0,0.00069335,0.0013492777395629,7.539023011154327e-05,0.0135530598951194,0.0,3.7168141592920356e-07,1
0.035813394333035965,0.0173931775316687,0.03769835402500583,0.0022881917586751624,0.010133397980117665,0.04018772776969879,0.043486843736577935,0.0278847559430052,0.00588438173008567,0.04255722820840223,0.029293370035760713,0.04284572351348288,0.02843554303885597,0.014219251287788205,0.004734074908726272,0.04245387992977891,0.015446634513184294,0.030395398441329713,0.006943939396382948,3.699796772696495e-05,0.041243879548036065,0.007409536469282319,0.033463709049519896,0.022468551455736327,0.04632500094759247,0.04533704365555907,0.015471443773168959,0.010036710173096203,0.04740754015484214,0
0.6,1.0,1.0,0.0489206066443668,0.0564360192307692,0.0,0.0,0.0,0.0,0.0,0.0,0.0564360192307692,0.08471028245,0.0,0.0,0.0845137337270875,0.0,0.0691429564310954,0.000760511353348,0.0,0.0,0.0,0.0,0.0489186416666666,0.0,0.0004523413806692,0.0,0.0,1.576991150442478e-05,6
0.0024645738334566625,0.007121308629396517,0.03319595642298562,0.030852407531086902,0.008674880750683822,0.020314053276253453,0.031168198864292163,0.01065415006369021,0.03967032413777362,0.04219392437755479,0.033767099179906564,0.04555273332164917,0.008094720206852818,0.005926551361169491,0.036612365569677695,0.04253149327911323,0.0007615730990882586,0.043433634153438566,0.02094202914282067,0.0035649650958716195,0.005129202095306773,0.021037080081866014,0.028042389500098904,0.031403482839336895,0.034796954736742235,0.018605994642669182,0.04043137155930456,0.03007440246235875,0.014511626974414465,0
0.6,0.0081504058080202,0.0081488898863989,8.333668069000771e-07,9.615384615384617e-07,0.0,0.0,0.0,0.0,0.0,0.0,0.0,0.0,0.0,0.0,0.0,0.0,3.533568904593639e-06,0.0001086444790497,0.0,0.0,0.0,0.3333333333333333,0.0,0.0,0.0003461096927848,0.0,0.0,0.0,6
0.01619806160113121,0.04163890173171145,0.005194986270703073,0.017599127469622944,0.045206530610275686,0.0379491636904971,0.018323333961574546,0.04327968258379202,0.0032271970219786006,0.032439326851989955,0.02913203974236069,0.02805593397501459,0.03686209106398198,0.028264400153766796,0.037628503054262914,0.04045710070618093,0.03767376841309072,0.024871232534850796,0.03498301672228196,0.013646147595163916,0.030029874855149703,0.005244600880855543,0.006932245757491806,0.0027307147958854916,0.017472899837748135,0.011536644838688305,0.02862438889013616,0.03672017370819574,0.001091474812873322,0
0.0196218740517788,0.011170876833907068,0.04282235251493516,0.017346998357486487,0.011569158142376114,0.023693384895077996,0.009961796566819132,0.029687078074246427,0.025696051632405723,0.003649965715566983,0.039585105617209695,0.04647426267010912,0.04672508460770882,0.03836775655138729,0.020300213812986828,0.010186310691741148,0.04933020010747902,0.011051108725801263,0.03757383604211598,0.0016862777108265171,0.012461689289058636,0.014774317678736987,0.04991362800896418,0.030664047654249516,0.0016704631240727075,0.04474547979245975,0.01838223231782928,0.03394601250385808,0.02931854781038831,0
0.4,0.2805725831307147,3.452919443389386e-05,0.0084490227024118,0.0049284134615384,0.0014304485495416,0.0005174644243208,0.0016544699463921,0.0020677177565262,0.0002568493150684,0.0,0.004935548076923,0.0069223795775,0.0002277906583291,0.0020677177565262,0.0001915092866802,0.0,0.007164961130742,0.0006518668742983,0.0049327788461538,9.798584648884052e-05,9.798584648884052e-05,0.3333333333333333,0.0084441333333333,0.9450443334114428,0.0015592070318523,0.0,0.0483870967741935,0.0088495398230088,1
0.03185848714500251,0.00012058682196403048,0.008674747086981755,0.04781030028015735,0.028893872667361903,0.024619214040661225,0.04795477747140059,0.00973202631089003,0.04303834831038065,0.019792983484484272,0.04502171882595847,0.04173594953117937,0.045264671212594025,0.0072388767921722835,0.0041441806853871836,0.013152155350207813,0.039896728448143653,0.032746059473348264,0.005263470262059639,0.011893334544571699,0.03195984858577892,0.007372951798282546,0.00400020885709208,0.030599909424694333,0.0009485752537963966,0.02719815591386592,0.040500946215782124,0.006496339957713504,0.024854814276924916,0
0.033680412315560834,0.024571893002854773,0.016606061648851273,0.0429064574636816,0.02783821442557958,0.027069744112785673,0.007462031368120687,0.010920588856586894,0.02575230221999915,0.018560105471475425,0.034852114515122,0.049807925346560575,0.0038119252117849336,0.03487504618708154,0.004805854716005892,0.049356814610039434,0.043919874032599254,0.04844468209328813,0.04204548159292919,0.027653372566230697,0.03151030445003361,0.043152435910643334,0.010669115885503839,0.029493647170900174,0.03404773519290646,0.023579318946680312,0.04432976760689126,0.028851984673898507,0.011308762722262805,0
0.6,0.0081504058080202,0.0081488898863989,6.333587732440587e-07,7.307692307692308e-07,0.0,0.0,0.0,0.0,0.0,0.0,0.0,0.0,0.0,0.0,0.0,0.0,2.685512367491166e-06,0.0001086444790497,0.0,0.0,0.0,0.3333333333333333,0.0,0.0,0.0002638658053904,0.0,0.0,0.0,6
0.024094620802314122,0.03585304388557705,0.019505636560770673,0.024133796363672872,0.03610849974024338,0.023083343233092725,0.005612755883108062,0.0302968616118744,0.03282784962316602,0.04981111027270904,0.01948447085825418,0.02862545139433253,0.013270354122794743,0.0012252104860397462,0.04734843654529754,0.04723242126417044,0.04590030780753819,0.03905608221787459,0.040158688913707205,0.04283451017701009,0.028269857541313056,0.02937146551740622,0.022315798018601087,0.042055756260658064,0.014747771411187644,0.02074622096016774,0.04686620398464368,0.02991499019628622,0.044376989227427305,0
0.011707293383380375,0.0012081840014880108,0.003020810962343984,0.0004336052307305383,0.047172767669042076,0.01592848725754121,0.016706483915763293,0.04962540518219467,0.005262953498068235,0.0133608319594764,0.03241870768189436,0.02790706772727471,0.0249443814259772,0.03948514793786317,0.015248209714836487,0.0015098344707473012,0.023123045486654028,0.009609568615006043,0.014051962558338467,0.027436816794655167,0.00679550939984499,0.016939569015171102,0.027234064121126524,0.03767184004031054,0.04329073715133778,0.023165340309029298,0.007720765460005791,0.03071685216936887,0.02185873720449934,0
0.01349608828789693,0.005319230127256824,0.022813488052046995,0.010299698106668082,0.026698791290721027,0.009202167574357179,0.026895369494730738,0.03282067373143185,0.018753168789362867,0.00912597368960169,0.040116759047535894,0.02094221388059325,0.0411211972211371,0.013092854557592716,0.0459303362895813,0.01678311064719243,0.01605527139168064,0.010355118362819833,0.032045821454504374,0.02398937242007392,0.0023482904585147737,0.023450840813117952,0.033286409933219664,0.005532120943072339,0.029831954729018024,0.011199457884656745,0.024031116025588592,0.022193038608862282,0.04427606666907158,0
0.6,1.0,1.0,0.0480438130931592,0.0554245096153846,0.0,0.0,0.0,0.0,0.0,0.0,0.0554245096153846,0.0831919955999999,0.0,0.0,0.0829989554582484,0.0,0.0679037220141342,0.000760511353348,0.0,0.0,0.0,0.0,0.0480418833333333,0.0,0.0004077926083306,0.0,0.0,1.5522123893805308e-05,6
0.0,0.0081504058080202,0.0088740029695107,1.6667336138001543e-08,1.923076923076923e-08,0.0033377132828201,0.0005174644243208,0.0049634098391763,0.0020677177565262,0.0002568493150684,0.0,0.0,0.0,0.0,0.0020677177565262,0.0,0.0002568493150684,7.06713780918728e-08,0.0,0.0,3.26619488296135e-05,3.26619488296135e-05,0.3333333333333333,0.0,0.0,1.0280485924301356e-05,0.0,0.0483870967741935,0.0,1
0.6,1.0,1.0,0.0436176603093557,0.0503171442307692,0.0,0.0,0.0,0.0,0.0,0.0,0.0503171442307692,0.075524921275,0.0,0.0,0.0753487369450101,0.0,0.0616479269611307,0.000760511353348,0.0,0.0,0.0,0.0,0.0436159083333333,0.0,0.0003735243219162,0.0,0.0,1.638938053097345e-05,6
0.035403342076500414,0.02460818566691508,0.040202794107420246,0.025261675912358124,0.033581113637282875,0.021061586592114098,0.016104594869184308,0.027361841338587795,0.0024684905519669178,0.0363770631068886,0.0022166689582117315,0.009184466932628572,0.005661146295499348,0.039941972850873815,0.0491029762923172,0.0071202102822418125,0.04035157550086915,0.036321155517473426,0.036560708921429416,0.0027353885029204605,0.015910906291446293,0.03502484172184299,0.033155465953084155,0.01915839411623684,0.0010976654404172726,0.04623159062010502,0.04633588642072327,0.010148303938018056,0.048168591900822844,0
0.03055703605988332,0.03061571301450952,0.014572075801701702,0.035060054144132415,0.04487114884592258,0.0008030668053581824,0.013814535033840974,0.00860225138896884,0.012239447088730648,0.04783109273604839,0.04309895829677821,0.022801957200048618,0.014894673749397009,0.010206613719251446,0.0004978097983175167,0.027685453461272783,0.008465092537769881,0.022426057725941542,0.029456115612643875,0.016416022190740155,0.04810781387988986,0.0456799603768696,0.029362028043526722,0.03682412959218744,0.009523693913836135,0.01128552669374196,0.04027915841746854,0.044776786563652714,0.04636977013205288,0
0.0,0.2805725831307147,0.0082179482752667,0.0007852148727973,0.0008817211538461,0.0237116714467013,0.0110392410521776,0.0268654405557179,0.0153930099663995,0.008347602739726,0.012463308077011,0.0008931634615384,0.000930812177,0.0016061375077306,0.0153930099663995,0.0010844920887983,0.008347602739726,0.0005548998823321,0.0006518668742983,0.0008817211538461,0.000729450190528,0.000729450190528,0.0,0.0007851833333333,0.001162193010968,8.567071603584463e-05,0.0135530598951194,0.0,4.247787610619469e-07,1
0.01558312847512956,0.01980304702888165,0.02848707201334358,0.020535643059078137,0.007716598302657491,0.010957305659756883,0.009674362722424834,0.007888161453733512,0.014819394967961391,0.02770898164663174,0.010480099003217315,0.04572456184490602,0.01046709679171124,0.0374130506496282,0.0023435891715959225,0.024610456223746115,0.03512345057641108,0.011207289929147568,0.0026790561111178393,0.007701052924206098,0.04117546422523807,0.00098343611886757,0.033873888645743144,0.02462095584585938,0.001925310639707073,0.004010902042480086,0.014871905327443048,0.04922627890602349,0.003213535246262289,0
0.4,0.2805725831307147,3.452919443389386e-05,0.0085794362740236,0.0049534038461538,0.0014304485495416,0.0005174644243208,0.0016544699463921,0.0020677177565262,0.0002568493150684,0.0,0.0049579615384615,0.0070319372099999,4.068068189526184e-05,0.0020677177565262,3.283510103869653e-05,0.0,0.007275554770318,0.0006518668742983,0.0049583557692307,9.798584648884052e-05,9.798584648884052e-05,0.3333333333333333,0.0085748,0.9701231357668206,0.0015797680037009,0.0,0.0483870967741935,0.0090858053097345,1
0.04437523661115648,0.00016963753154630723,0.014057548490855554,0.029785323572355717,0.041502552028963406,0.026710321138451544,0.010489085063892074,0.04247766211606127,0.005412283241298799,0.048547805515099546,0.025468687841649542,0.004044437008823165,0.04665048721854832,0.04201415936489883,0.00819630334147839,0.03626325404078592,0.0034467797842949455,0.047540006855326236,0.02961046881993379,0.013013844595558044,0.018205795179810125,0.034793710106048564,0.03249593821123881,0.01593834470631655,0.04661738158683684,0.005807188105622269,0.0025462145533163005,0.01267062781295436,0.04129781967573911,0
0.0,0.0081504058080202,0.0088740029695107,1.83340697518017e-07,2.1153846153846157e-07,0.0033377132828201,0.0005174644243208,0.0049634098391763,0.0020677177565262,0.0002568493150684,0.0,0.0,0.0,0.0,0.0020677177565262,0.0,0.0002568493150684,7.773851590106007e-07,0.0,0.0,3.26619488296135e-05,3.26619488296135e-05,0.3333333333333333,0.0,0.0,7.881705875297705e-05,0.0,0.0483870967741935,0.0,1
0.6,1.0,1.0,0.0422717479152079,0.0487652596153846,0.0,0.0,0.0,0.0,0.0,0.0,0.0487652596153846,0.0731961426749999,0.0,0.0,0.07302595598778,0.0,0.0597456537102473,0.000760511353348,0.0,0.0,0.0,0.0,0.04227005,0.0,0.0004729023525178,0.0,0.0,1.4495575221238938e-05,6
0.018715634460737707,0.019993604459000426,0.015093191057391604,0.010108584981264025,0.02188346327916904,0.03623423583181872,0.019919074379632352,0.019334460370386032,0.031839122198936746,0.028690679032011824,0.0029217579504600857,0.04335090586113221,0.03137572428472565,0.039624047327891314,0.04754933347941167,0.024881399922743214,0.013197323506770815,0.04549086662560646,0.006435220832261535,0.027483867540402326,0.04524243954508732,0.03497030312325543,0.01845735325937343,0.01819046226671906,0.03544818469241722,0.006109679681798425,0.04083826096103381,0.02595776674280605,0.023280070084070955,0
0.031958020841934234,0.04964443734040824,0.028246292812442376,0.011502229796169744,0.03625959059356475,0.01877129441414123,0.04633526267425225,0.004527806211624858,0.014126612971919722,0.028339977523826044,0.002414820837131954,0.0433345801463223,0.014862252148291356,0.02481199817331798,0.01245534594410393,0.03791415702628421,0.003748073062516022,2.2993506144464162e-05,0.017726674143903165,0.0014122322109926145,0.01262006661184189,0.009534745031838598,0.03762910644445522,0.004031614130013572,0.028156957287824885,0.03474496899568006,0.043320521847774705,0.008584820499251035,0.012428545753274995,0
0.0,0.2805725831307147,0.0082179482752667,0.0006015241612204,0.000674375,0.0237812071400934,0.0110392410521776,0.0269442248428186,0.0153930099663995,0.0083904109589041,0.012463308077011,0.0006867403846153,0.00071167680425,0.0012260279371571,0.0153930099663995,0.0008353820598778,0.0083904109589041,0.0004250883392226,0.0006518668742983,0.000674375,0.000729450190528,0.000729450190528,0.0,0.0006015,0.0011470750531018,0.0001302194883744,0.0136239562973472,0.0,6.548672566371681e-07,1
0.0,0.0461285572411903,0.0088740029695107,1.4167235717301312e-07,1.6346153846153846e-07,0.0033377132828201,0.0005174644243208,0.0049634098391763,0.0020677177565262,0.0002568493150684,0.0,0.0,0.0,0.0,0.0020677177565262,0.0,0.0002568493150684,6.007067137809188e-07,0.0,0.0,3.26619488296135e-05,3.26619488296135e-05,0.3333333333333333,0.0,0.0,6.168291554580814e-05,0.0,0.0483870967741935,0.0,1
0.036866303391496706,0.03098098371210309,0.015847378017809784,0.02888287130779827,0.016849107751276855,0.032440459807598875,0.044802640032028086,0.04942298060046216,5.424420937813479e-05,0.02175650411535131,0.04152685898799102,0.02668071920180262,0.028407189081921837,0.011495137911841313,0.040804738811276435,0.03358233159544207,0.00037241257151081624,0.04256190253588567,0.008583909287936831,0.03140797451173932,0.04607628311925323,0.046569880296610064,0.04389599571495395,0.03228059291535941,0.007830463805227351,0.009136607173399819,0.03598047138676478,0.023707166318849716,0.0021579028489495887,0
0.01783488957718618,0.016045485968486612,0.013671056784187396,0.0370722389617446,0.030934960473675124,0.03300828456018725,0.04713647559496915,0.04358922802957638,0.04061755633573499,0.0443413733944166,0.03512850604517242,0.01767849899713984,0.0065137727190756785,0.015023964152061876,0.017237050149497536,0.036047342078797735,0.027997723215512117,0.037062435332423135,0.0004294277381540035,0.035090956661799934,0.01155594484979517,0.028527808091480977,0.019438013297062635,5.152378574762584e-05,0.01851841361526459,0.04861363862539227,0.008473888498813432,0.03914590357054511,0.010776989839979802,0
0.4,0.2805725831307147,3.452919443389386e-05,0.0083055086045956,0.0047951153846153,0.0014304485495416,0.0005174644243208,0.0016544699463921,0.0020677177565262,0.0002568493150684,0.0,0.0048000384615384,0.0068053315475,4.180923137157107e-05,0.0020677177565262,3.3425556802443995e-05,0.0,0.00704325795053,0.0006518668742983,0.00480025,9.798584648884052e-05,9.798584648884052e-05,0.3333333333333333,0.008300725,0.938929119454544,0.0017579630930555,0.0,0.0483870967741935,0.0087943893805309,1
0.6,1.0,1.0,0.0467439442150926,0.05392475,0.0,0.0,0.0,0.0,0.0,0.0,0.05392475,0.08094071215,0.0,0.0,0.0807527465173116,0.0,0.066066525335689,0.000760511353348,0.0,0.0,0.0,0.0,0.0467420666666666,0.0,0.0002912804345218,0.0,0.0,1.5469026548672566e-05,6
0.021990796946818283,0.019407740238756684,0.032001165556376804,0.025939582533633716,0.025381103166027846,0.04066977693003351,0.01307538390145991,0.045609180806763544,0.04611396980098412,0.01783018130119651,0.019583471762190715,0.017801860890725597,0.006784667711219711,0.029517292593023617,0.01883801781918671,0.03219874672269648,0.0018472548527331267,0.025476672176111066,0.027752544461562462,0.03711689615081725,0.04340467505751606,0.027836266193585674,0.009649823727404017,0.03655873246214642,0.023087050783762247,0.006793538918833386,0.021393066831112695,0.013334773474029971,0.041967140894448834,0
0.4,0.2805725831307147,3.452919443389386e-05,0.0084228716520113,0.004869048076923,0.0014304485495416,0.0005174644243208,0.0016544699463921,0.0020677177565262,0.0002568493150684,0.0,0.0048742596153846,0.0069007488499999,6.545586962593515e-05,0.0020677177565262,5.270897798370672e-05,0.0,0.0071427844522968,0.0006518668742983,0.0048740288461538,9.798584648884052e-05,9.798584648884052e-05,0.3333333333333333,0.0084182166666666,0.950894983105682,0.0017785240649041,0.0,0.0483870967741935,0.0089073097345132,1
0.0,0.2805725831307147,0.0082179482752667,0.0005429468083634,0.0006076442307692,0.0236421357533092,0.0110392410521776,0.026786656274132,0.0153930099663995,0.0083047945205479,0.012463308077011,0.0006204423076923,0.0006410281915,0.0011027691740648,0.0153930099663995,0.0007550804205702,0.0083047945205479,0.0003836925795053,0.0006518668742983,0.0006076442307692,0.000729450190528,0.000729450190528,0.0,0.000542925,0.0012415622897658,0.0002570121481075,0.0134821638177388,0.0,1.3097345132743365e-06,1
0.03456947481663089,0.020393142516623098,0.04585664193857438,0.039569487088392974,0.007531494558732688,0.00300616507714514,0.023991474034173038,0.028774775691787297,0.02568285836486636,0.04955856700299283,0.03305726209775609,0.046509743517431236,0.04757124749913458,0.0001934342733423522,0.015234583239402778,0.03986928557633895,0.04332360356603318,0.04022803211098527,0.04111204072294982,0.0030940396918320238,0.03305302721145559,0.049130161156778984,0.027942232831198913,0.007502430196676191,0.013185107670704839,0.0361806275051576,0.02517015545370348,0.009812332308986739,0.009871902560999096,0
0.009891537688499008,0.038979576837104186,0.04474889236512639,0.0032694020145933537,0.013390181105919675,0.022644355360667747,0.043367823537969,0.0002511033295225285,0.04728262316690669,0.006307993951756097,0.03134795468421347,0.01615828599556386,0.04855159662127948,0.023814992499443906,0.020733763646671285,0.045568669621782854,0.03446603999125258,0.04188688104388272,0.0034742891106178176,0.038783884976860236,0.03492801269136761,0.0024772408941340085,0.044509902340464175,0.010968651384192247,0.006559168037913033,0.04067444604324089,0.04679434553229603,0.03132923653248991,0.04474836975590548,0
0.0395690147388789,0.007334288292536739,0.015734554879617824,0.026742775498777707,0.014509614340646593,0.04491567442229124,0.04301434305554869,0.008766823752265774,0.003947449820340393,0.029446290372666592,0.016443491927904588,0.04384616538201765,0.03833339228589981,0.034487311677987624,0.026411713769495544,0.020288248490375034,0.02828180188063939,0.007421212420076862,0.012338590996410999,0.04099115083574532,0.048764613867718354,0.007807360847454659,0.04667300704005159,0.027105473616527168,0.03446002277666895,0.030682922899065514,0.03830840530980681,0.0154177272811724,8.08875617244298e-05,0
0.04332102365951817,0.04430968509803316,0.03392766286958914,0.039725161675279556,0.019460532655231722,0.0467122595837771,0.0013059319954502103,0.02655105472357985,0.034068037220879976,0.027397925955048953,0.019647436503727352,0.004364160467834072,0.03707416992669349,0.03048888986999007,0.04961873528904218,0.0029285873154843104,0.0487223939682879,0.010224654618937979,0.000979557472131193,0.04403407153427243,0.013212096603464757,0.010115316413185922,0.0077181614822600005,0.008742645311011066,0.028146876578366526,0.04338262166715481,0.046396789925305534,0.03407978134089228,0.030398435594685178,0
0.6,1.0,1.0,0.0452279416556565,0.0521747692307692,0.0,0.0,0.0,0.0,0.0,0.0,0.0521747692307692,0.078313183675,0.0,0.0,0.0781305036659877,0.0,0.063923851590106,0.000760511353348,0.0,0.0,0.0,0.0,0.045226125,0.0,0.0006887925569281,0.0,0.0,1.697345132743363e-05,6
0.6,1.0,1.0,0.0420803652280033,0.0485438557692307,0.0,0.0,0.0,0.0,0.0,0.0,0.0485438557692307,0.07286335095,0.0,0.0,0.072693471771894,0.0,0.0594751590106007,0.000760511353348,0.0,0.0,0.0,0.0,0.042078675,0.0,0.0003358292068605,0.0,0.0,1.5575221238938054e-05,6
0.020434716144599976,0.02290091055256709,0.012196692070338133,0.011870756986916265,0.02550262159181746,0.0349720324362092,0.04935485576334021,0.005843907463131199,0.03597079024607845,0.02070098344738725,0.00015160892348232703,0.04216491325708608,0.02046925260466849,0.04112003253715538,0.0013836509376525974,0.034788031015216915,0.04339610939986141,0.03588724961203226,0.0120939594387946,0.042481461409919645,0.0254454365591679,0.017160058983785132,0.030713014468402484,0.027474943601153524,0.03230171579528345,0.0065849673876928255,0.04887437916641145,0.0015569810365848925,0.018192891649365394,0
0.004319515426113624,0.0384231566008639,0.013420249912128075,0.04372017526071598,0.048847167156265345,0.03185371382600947,0.006690119494568642,0.013587180509173215,0.044877415550527544,0.020134888640570725,0.04710914936601078,0.02605772010359539,0.04909039053680039,0.03925687249172254,0.041200040738520474,0.046617201626405674,0.031061827592927894,0.0049594349336450965,0.011377222373867353,0.03234726339219427,0.020983633094079402,0.0408672391856273,0.04434060033951586,0.035799728931435015,0.013904232217728947,0.008342534679216423,0.014620173850186513,0.014305179630003634,0.0033378778600497874,0
0.049785674532900843,0.00244221392583005,0.036510192724181316,0.02718034219832007,0.0170354868871118,0.009211904145103944,0.02766394265727879,0.008516348159025388,0.0015834863286009028,0.01164873564203548,0.0007869056759885751,0.0034410231857829655,0.004531732386997456,0.02258918840124091,0.0002964215090969058,0.04723202137261437,0.008686748305959552,0.046321334083717074,0.014056534611747301,0.023434022474573858,0.049918876657285706,0.032746648043016933,0.006384411086212405,0.04281225510055951,0.04332246271508812,0.011663101383293996,0.04378018074628011,0.04935164212561057,0.02173636484289029,0
0.6,0.0494846066915516,0.040640861848693,6.666934455200618e-07,7.692307692307693e-07,0.0,0.0,0.0,0.0,0.0,0.0,0.0,0.0,0.0,0.0,0.0,0.0,2.8268551236749116e-06,0.0001086444790497,0.0,0.0,0.0,0.3333333333333333,0.0,0.0,0.0002775731199561,0.0,0.0,0.0,6
0.045268521149376406,0.04284422544460875,0.012647860811850759,0.047917397527516316,0.04950923261870108,0.02122313594887017,6.971640830174542e-05,0.008795086131726622,0.00272251016695525,0.022454460869042243,0.008568229457673137,0.0113521610493377,0.04595383305424781,0.017012848209030023,0.0374998511050484,0.02064512079610675,0.04508677891851957,0.019061693666321284,0.02485935153458532,0.013366768302557452,0.041313570723585546,0.04636164234013928,0.04175323708848974,0.029619924181744223,0.04580828086983282,0.014550510162313152,0.007207864875187564,0.04443075655068904,0.0011359430720719044,0
0.03365624593846602,0.04745234448579578,0.04547381629548516,0.004069838866896458,0.024857564494387304,0.025002582354237038,0.015069521538512787,0.036499053139539515,0.005578201317960835,0.04493518075933853,0.008705726738120123,0.015502373770243072,0.04742056550223126,0.03384277402858917,0.015092152885648842,0.035767559168958636,0.033469413778475676,0.044053771838358464,0.040381773013150865,0.0432873989020034,0.04874381297081606,0.04318718160456291,0.004143464281587928,0.007846195310026532,0.03816311536837913,0.03793974563111796,0.00653885862794964,0.04082217858921601,0.037135642666067586,0
0.0,0.2805725831307147,0.0082179482752667,0.0010100905719713,0.0011435,0.0236421357533092,0.0110392410521776,0.026786656274132,0.0153930099663995,0.0083047945205479,0.012463308077011,0.0011587019230769,0.0012091409159999,0.0020854183633416,0.0153930099663995,0.0014128688857433,0.0083047945205479,0.0007138162544169,0.0006518668742983,0.0011435,0.000729450190528,0.000729450190528,0.0,0.00101005,0.0012472315239657,0.0001919024039202,0.0134821638177388,0.0,9.734513274336284e-07,1
0.01714376774658177,0.0037230036311668604,0.04254874011689139,0.04714061608397996,0.025162951458915336,0.04556099495656576,0.047792494953818716,0.010025211842211008,0.0336027935272142,0.01992880101183336,0.007085125046622437,0.038063153519512255,0.03181410430949666,0.04147452239435547,0.028122614693454367,0.013367069364485834,0.021148590398987307,0.0028481170781331114,0.020750480993764538,0.03337911319182043,0.012009767041621544,0.02391459839577602,0.04931615319539143,0.041480241376133126,0.03322106245323087,0.00916352606184488,0.02410955675081628,0.020165089880178674,0.030720288816189153,0
0.4,0.2805725831307147,3.452919443389386e-05,0.0085790945936328,0.0049526346153846,0.0014304485495416,0.0005174644243208,0.0016544699463921,0.0020677177565262,0.0002568493150684,0.0,0.0049580673076923,0.007026975165,4.35373227680798e-05,0.0020677177565262,3.318073368635438e-05,0.0,0.0072752650176678,0.0006518668742983,0.0049572115384615,9.798584648884052e-05,9.798584648884052e-05,0.3333333333333333,0.0085747833333333,0.9695921174967684,0.0016345972619639,0.0,0.0483870967741935,0.0090855752212389,1
0.6,1.0,1.0,0.0294454327248811,0.0339660384615384,0.0,0.0,0.0,0.0,0.0,0.0,0.0339660384615384,0.050980707425,0.0,0.0,0.0508602177800407,0.0,0.0416173144876325,0.000760511353348,0.0,0.0,0.0,0.0,0.02944425,0.0,0.0007162071860596,0.0,0.0,1.4902654867256638e-05,6
0.03994694883496271,0.013456038449412011,0.028527216394182778,0.03341232963072138,0.04627329325506515,0.016046262585545323,0.010692529452104095,0.023813603268456357,0.027179712549829323,0.011113740575989989,0.016447070904234102,0.016504624777801857,0.010851162602599058,0.030661368626515497,0.04862051783121653,0.020024118965227086,0.04418404080067889,0.020827364920739153,0.02302941213924119,0.026250175431819362,0.038475039925093234,0.0024530913944926847,0.04479009214160113,0.04559193999603348,0.00921150234911119,0.04240903679865092,0.030543143914228243,0.022789520164688815,0.0007869774651706907,0
0.6,1.0,1.0,0.0438999216468528,0.0506447211538461,0.0,0.0,0.0,0.0,0.0,0.0,0.0506447211538461,0.076018079125,0.0,0.0,0.0758422139511201,0.0,0.0620468668904593,0.000760511353348,0.0,0.0,0.0,0.0,0.0438981583333333,0.0,0.0005071706389322,0.0,0.0,1.288495575221239e-05,6
0.6,1.0,1.0,0.0490601539161823,0.0565972211538461,0.0,0.0,0.0,0.0,0.0,0.0,0.0565972211538461,0.0849524087,0.0,0.0,0.0847554605498981,0.0,0.0693401884452296,0.000760511353348,0.0,0.0,0.0,0.0,0.0490581833333333,0.0,0.0004523413806692,0.0,0.0,1.5415929203539824e-05,6
0.03274306965308638,0.048110208038238865,0.019493605437464496,0.01581171529590798,0.014356416235061897,0.03364350713100962,0.03413538802100315,0.030634560876853924,0.048275836908848985,0.02424297332967859,0.02281279053711524,0.02521775884731138,0.024476400854081006,0.025575416569781254,0.02479664450759081,0.007894332478514166,0.021153975517564413,0.02665939183607137,0.005093088159739134,0.03951326984684619,0.025558709607204952,0.002381280563680399,0.04381638737439712,0.012209836266186148,0.03875632216804692,0.02592028954775328,0.030302568043497232,0.01700305740962509,0.012861682424885435,0
0.03504150597130994,0.02091849399148854,0.04571502709132698,0.0225069324748176,0.03642047413700351,0.016148399734628484,0.04156478107181896,0.01941990763473972,0.0025906166273796053,0.026769332869159248,0.039351089218654996,0.03788981598978763,0.015091707872623062,0.012700895025610726,0.020753109939174143,0.03243819788810622,0.016633662413854305,0.004127636892864483,0.01248520136493061,0.0340767238095042,0.03960803861032344,0.04409188292883208,0.04629406421156503,0.011015229720615145,0.036449505025708505,0.006995593060834044,0.044734670052902464,0.04214948019624851,0.0010666134030470065,0
0.027084720773559293,0.01710848535939759,0.01937659674655681,0.03593149903554195,0.016430822154897575,0.03829982496972612,0.04829777985356645,0.04066729266168793,0.03591961445443864,0.03309797338617212,0.02098802390878678,0.02300608416064026,0.033828956274198345,0.04940619878177176,0.03153017573438443,0.008828285435566503,0.0340493309834188,0.04248427121619334,0.022767132427889608,0.030502750506974003,0.015011774016029145,0.0010850548231686075,0.043467344656235106,0.026520596838375793,0.03099124841256744,0.010236245885343581,0.024280703696919953,0.023064199256608922,0.042687998317628074,0
0.6,1.0,1.0,0.0420803652280033,0.0485438557692307,0.0,0.0,0.0,0.0,0.0,0.0,0.0485438557692307,0.07286335095,0.0,0.0,0.072693471771894,0.0,0.0594751590106007,0.000760511353348,0.0,0.0,0.0,0.0,0.042078675,0.0,0.0003358292068605,0.0,0.0,1.5575221238938054e-05,6
0.6,1.0,1.0,0.0497438980465715,0.057386875,0.0,0.0,0.0,0.0,0.0,0.0,0.057386875,0.0861383294749999,0.0,0.0,0.0859392811608961,0.0,0.0703065724381625,0.000760511353348,0.0,0.0,0.0,0.0,0.0497419,0.0,0.0002604389767489,0.0,0.0,1.4035398230088496e-05,6
0.020541523365893717,0.00559265777334716,0.029402861815730055,0.009090752789201345,0.021223644901448707,0.03642643205131358,0.018019215866084837,0.047034760181797336,0.02339831110321713,0.016874266135011334,0.026666762497099927,0.014024985224773662,0.018530178803702564,0.04359607648920562,0.036959870717821884,0.015283737404161625,0.01958471697664728,0.020043526384167343,0.04770616059909233,0.031035102780505447,0.0006258524575484038,0.0013305227943137155,0.024261314472452472,0.01562648440507657,0.03312177874395821,0.02463962497700078,0.03864917363732284,0.006845839523004088,0.049020138903098975,0
0.022180860159837334,0.02326222393248528,0.02363576163165894,0.028028169869419358,0.02927158407243191,0.033037880687837605,0.026462418494667163,0.01691843822742153,0.007429808316042375,0.02182828195295593,0.01106655531457736,0.011944174998068435,0.032792708981865024,0.022543371620128483,0.03210969238851719,0.048483558283627805,0.003348007826716998,0.024746381216036558,0.030544052106872156,0.02594300980862517,0.002211315149469517,0.028915948077081734,0.043485265783637095,0.027202770699499713,0.03284282702400978,0.03406600216589535,0.03294348192285474,0.03571401433280493,0.04380355049332399,0
0.6,1.0,1.0,0.0419393345632716,0.048383125,0.0,0.0,0.0,0.0,0.0,0.0,0.048383125,0.072623569875,0.0,0.0,0.0724557197352342,0.0,0.0592758303886925,0.000760511353348,0.0,0.0,0.0,0.0,0.04193765,0.0,0.0004146462656134,0.0,0.0,1.191150442477876e-05,6
0.4,0.2805725831307147,3.452919443389386e-05,0.0085794362740236,0.0049534038461538,0.0014304485495416,0.0005174644243208,0.0016544699463921,0.0020677177565262,0.0002568493150684,0.0,0.0049579615384615,0.0070319372099999,4.068068189526184e-05,0.0020677177565262,3.283510103869653e-05,0.0,0.007275554770318,0.0006518668742983,0.0049583557692307,9.798584648884052e-05,9.798584648884052e-05,0.3333333333333333,0.0085748,0.9701231357668206,0.0015797680037009,0.0,0.0483870967741935,0.0090858053097345,1
0.04973259196999257,0.03657479109844324,0.04596898154917206,0.03930033284509827,0.039445570072213665,0.01899935538981942,0.03320917044583618,0.03728406048151561,0.03705667089623406,0.013562069085087959,0.010060429571240648,0.028171700798739582,0.023058902185334868,0.009718576167798844,0.034359210623621024,0.029669208437532138,0.0031216860717136474,0.04775302353506516,0.0241596392789614,0.008319536886796564,0.02465696008304575,0.014774662743839234,0.01103675445347212,0.027137898643392153,0.014627159816022174,0.0026401330637549625,0.048917249581536586,0.0336262694636588,0.04664691057321811,0
0.6,0.0081504058080202,0.0081488898863989,6.333587732440587e-07,7.307692307692308e-07,0.0,0.0,0.0,0.0,0.0,0.0,0.0,0.0,0.0,0.0,0.0,0.0,2.685512367491166e-06,0.0001086444790497,0.0,0.0,0.0,0.3333333333333333,0.0,0.0,0.0002638658053904,0.0,0.0,0.0,6
0.0,0.0081504058080202,0.0088740029695107,7.750311304170718e-07,8.942307692307692e-07,0.0033377132828201,0.0005174644243208,0.0049634098391763,0.0020677177565262,0.0002568493150684,0.0,0.0,0.0,0.0,0.0020677177565262,0.0,0.0002568493150684,3.286219081272085e-06,0.0,0.0,3.26619488296135e-05,3.26619488296135e-05,0.3333333333333333,0.0,0.0,0.0003221218922947,0.0,0.0483870967741935,0.0,1
0.023158966623574848,0.04834205288765743,0.014465531058897842,0.01735925578552186,0.033183520658832004,0.030930241520735514,0.0496596874027353,0.03274779758732006,0.004487757238177265,0.016716837654141416,0.03928222014409181,0.010390981164680835,0.03996726771301279,0.039192724572762794,0.03187586866477159,0.002863942358568433,0.020253584661245962,0.01723813880257354,0.0188936497641711,0.033810622739094624,0.021767899680227083,0.040678102534672585,0.025750030041064183,0.0261687021530234,0.04419949353324229,0.004970815514197502,0.004265469876496836,0.02140715840768322,0.006950669314432023,0
0.6,1.0,1.0,0.0441835413722451,0.0509706153846153,0.0,0.0,0.0,0.0,0.0,0.0,0.0509706153846153,0.076506272275,0.0,0.0,0.0763283030549898,0.0,0.0624477267491166,0.000760511353348,0.0,0.0,0.0,0.0,0.0441817666666666,0.0,0.0004317804088206,0.0,0.0,1.536283185840708e-05,6
0.04646480218526785,0.0028312836034252334,0.033753575424141105,0.04050222850371317,0.046958972200545374,0.04398850208484828,0.009834439828103237,0.02118137447961936,0.04886490781657973,0.02281520625462391,0.027795009716979374,0.04575087254614774,0.04347388774299568,0.046272552976002135,0.04157648884030794,0.010894859733982111,0.019885311564932912,0.008878574554687896,0.02056520309241905,0.02689610296332915,0.03137826892269329,0.025767657982564723,0.02537461536695454,0.021406263413986687,0.04697211624487448,0.028612794876209532,0.019326526689478808,0.015161748139637488,0.0008530774302243472,0
0.6,1.0,1.0,0.0447388803450271,0.0516130673076923,0.0,0.0,0.0,0.0,0.0,0.0,0.0516130673076923,0.077471940975,0.0,0.0,0.07729307898167,0.0,0.0632326266077738,0.000760511353348,0.0,0.0,0.0,0.0,0.0447370833333333,0.0,0.0003221218922947,0.0,0.0,1.2230088495575222e-05,6
0.04194632024401159,0.030661973756873684,0.04999824978486733,0.03694345339925727,0.04896178531937191,0.01257097727779486,0.04160715860153055,0.02716266623296656,0.030624189151630312,0.041281736122762445,0.04864013486847427,0.024377561166486702,0.042880817568182676,0.0006462403749335933,0.0033728165913699372,0.005909931473826008,0.013512138617900328,0.044481857434393396,0.0012993513529744095,0.024473986742002823,0.03928296761653584,0.0028313455293209836,0.026248518821945083,0.04557786529266052,0.002466450764806444,0.04938938340481367,0.0018378660174033724,0.009460154115237885,0.02411175404858012,0
0.0,0.0081504058080202,0.566071613549256,1.83340697518017e-07,2.1153846153846157e-07,0.0033377132828201,0.0005174644243208,0.0049634098391763,0.0020677177565262,0.0002568493150684,0.0,0.0,0.0,0.0,0.0020677177565262,0.0,0.0002568493150684,7.773851590106007e-07,0.0,0.0,3.26619488296135e-05,3.26619488296135e-05,0.3333333333333333,0.0,0.0,7.881705875297705e-05,0.0,0.0483870967741935,0.0,1
0.04349543850969631,0.003264689619196898,0.01949983761297698,0.03963793221232238,0.042161608687749964,0.031807644725555716,0.0063052138887971405,0.019350436089032492,0.010664080114384845,0.04646513971897388,0.0266924357607112,0.01091105824585567,0.04161612987330505,0.010414331609122874,0.002222533215823741,0.0387633587419665,0.020772280460306138,0.016760341315864354,0.04032336171356818,0.02833478049045754,0.04508481290451248,0.010676587760402385,0.026553008713122595,0.02101445263767995,0.01322512913737407,0.023820767639893103,0.010329618204704329,0.01800381322441333,0.022065595230801524,0
0.04679484078871041,0.039597816144346404,0.002644384637801073,0.03411684088011737,0.045951209601150525,0.02869148111762672,0.005383108799374431,0.004520686551155001,0.025735842778524448,0.04536341509376621,0.030844406903968558,0.0015666982855240654,0.013299843216934693,0.022449818845161514,0.04200902641342873,0.02626124934321157,0.005851111592952813,0.024669032357344925,0.036682866198057704,0.030446591405636478,0.036632381531920444,0.040296954504583454,0.005022617224677339,0.0053070071531948655,0.0030433564629362754,0.01298221834655004,0.025143573657492514,0.04275455592098218,0.012723281593621584,0
0.023880060237401066,0.006826965727074869,0.00975056637124348,0.012598952409999654,0.03245683474074133,0.012068155267771925,0.028978627371036167,0.03918981409299938,0.04012102483942343,0.04787706643239886,0.009281115589591755,0.03961100321587531,0.02461579729493866,0.04175157670334992,0.01029663488986956,0.0014073305461658582,0.014631306602176042,0.00034801623695199235,0.021713956800248638,0.04068403953407386,0.042484504525629976,0.0040547516733771775,0.019511978416339282,0.032244558918016177,0.020740561458312864,0.03781135974156957,0.027015632171209426,0.0028985996752971866,0.03994783617066036,0
0.024848406158196487,0.04283651382173074,0.03602257199835503,0.04611070488493022,0.022465510074792146,0.03623947036850069,0.032227469860036245,0.038534804736528545,0.046561195504326525,0.0009689395593931727,0.014043216665309161,0.002811112805137173,0.0281944159544134,0.03216079169912366,0.04997918083496436,0.01691466776579521,0.005016504957328994,0.02549248604540958,0.016446701644638673,0.04900542225659194,0.019594205167292735,0.03704901287695871,0.02712235513614243,0.023799341313828954,0.04881203355541674,0.010187833577402217,0.038437088001444145,0.03412868300184831,0.008414218922166233,0
0.0,0.0081504058080202,0.0088740029695107,2.91678382415027e-07,3.3653846153846154e-07,0.0033377132828201,0.0005174644243208,0.0049634098391763,0.0020677177565262,0.0002568493150684,0.0,0.0,0.0,0.0,0.0020677177565262,0.0,0.0002568493150684,1.236749116607774e-06,0.0,0.0,3.26619488296135e-05,3.26619488296135e-05,0.3333333333333333,0.0,0.0,0.0001233658310916,0.0,0.0483870967741935,0.0,1
0.0,0.2805725831307147,0.0082179482752667,0.0006069243781291,0.0006844423076923,0.0239202785268776,0.0110392410521776,0.0271017934059903,0.0153930099663995,0.0084760273972602,0.012463308077011,0.000694875,0.00072316479325,0.0012454072476309,0.0153930099663995,0.0008464817537678,0.0084760273972602,0.0004289045936395,0.0006518668742983,0.0006844423076923,0.000729450190528,0.000729450190528,0.0,0.0006069,0.0010488083269711,6.510974418724192e-05,0.0137657500579032,0.0,3.185840707964602e-07,1
0.6,1.0,1.0,0.0420803652280033,0.0485438557692307,0.0,0.0,0.0,0.0,0.0,0.0,0.0485438557692307,0.07286335095,0.0,0.0,0.072693471771894,0.0,0.0594751590106007,0.000760511353348,0.0,0.0,0.0,0.0,0.042078675,0.0,0.0003358292068605,0.0,0.0,1.5575221238938054e-05,6
0.6,0.0081504058080202,0.0081488898863989,6.333587732440587e-07,7.307692307692308e-07,0.0,0.0,0.0,0.0,0.0,0.0,0.0,0.0,0.0,0.0,0.0,0.0,2.685512367491166e-06,0.0001086444790497,0.0,0.0,0.0,0.3333333333333333,0.0,0.0,0.0002638658053904,0.0,0.0,0.0,6
0.011641251023138172,0.02761791597829721,0.018636111064386868,0.036620690042847424,0.007706698343454422,0.02571510883302233,0.04630023605960075,0.020208911212767546,0.019070447992883207,0.011938221755946572,0.031193010384263323,0.04790948055497693,0.03873529016478905,0.0019126165719171029,0.02794159800398567,0.01845037145115776,0.02849631797326709,0.008968661544845241,0.0331421318378461,0.008533222041250172,0.031397904000883235,0.01703146426392382,0.03839071654259109,0.014650531316099658,0.02378730484068492,0.037724522227915336,0.022723244524561606,0.034541054851450974,0.017576088485670965,0
0.6,0.0493133796787781,0.0,7.066950522512654e-06,8.153846153846154e-06,0.0,0.0,0.0,0.0,0.0,0.0,8.153846153846154e-06,0.0,0.0,0.0,0.0,0.0,2.9964664310954065e-05,0.0003983630898489,0.0,0.0,0.0,0.0,7.066666666666667e-06,0.0,0.0029093775165772,0.0,0.0,1.5008849557522124e-05,6
0.4,0.2805725831307147,3.452919443389386e-05,0.0085794362740236,0.0049534038461538,0.0014304485495416,0.0005174644243208,0.0016544699463921,0.0020677177565262,0.0002568493150684,0.0,0.0049579615384615,0.0070319372099999,4.068068189526184e-05,0.0020677177565262,3.283510103869653e-05,0.0,0.007275554770318,0.0006518668742983,0.0049583557692307,9.798584648884052e-05,9.798584648884052e-05,0.3333333333333333,0.0085748,0.9701231357668206,0.0015797680037009,0.0,0.0483870967741935,0.0090858053097345,1
0.02932276701799701,0.013052142734627466,0.016050758749477173,0.0002745831928340714,0.011091384139269234,0.0009867784362134647,0.04552403016145425,0.014789574749037304,0.037668386896767915,0.03206944894354233,0.049650988233636874,0.0031714586694646554,0.04010832331474604,0.025470769311633418,0.030917393733940743,0.015696962502852584,0.024160020648097188,0.030160947130828827,0.040239197176220654,0.04182104726954274,0.002673165073878564,0.005153805331118661,0.03575438504647873,0.018040515771414103,0.01980436188521307,0.01337704601228722,0.015769785791793733,0.046560010831140565,0.04323202150896949,0
0.04352608653177361,0.03219000148495269,0.01967294288868317,0.023864491357908975,0.017830837126117927,0.04274858521145418,0.03011153816093546,0.014165412876824664,0.036414750430060684,0.0418378734175168,0.00541331165166844,0.0051437107943933915,0.01897773286058181,0.03253479334269399,0.027018363187831896,0.02277898955878273,0.02711059494061704,0.048169446029253674,0.030672060553803393,0.01441469668487731,0.0096102794266061,0.012081307917675144,0.029578321523517394,0.038365879663909086,0.04888705861963971,0.04475577437832043,0.003447530782310038,0.023502990771172377,0.004581241780263656,0
0.4,0.2805725831307147,3.452919443389386e-05,0.0085794362740236,0.0049534038461538,0.0014304485495416,0.0005174644243208,0.0016544699463921,0.0020677177565262,0.0002568493150684,0.0,0.0049579615384615,0.0070319372099999,4.068068189526184e-05,0.0020677177565262,3.283510103869653e-05,0.0,0.007275554770318,0.0006518668742983,0.0049583557692307,9.798584648884052e-05,9.798584648884052e-05,0.3333333333333333,0.0085748,0.9701231357668206,0.0015797680037009,0.0,0.0483870967741935,0.0090858053097345,1
0.6,0.0494846066915516,0.040640861848693,6.666934455200618e-07,7.692307692307693e-07,0.0,0.0,0.0,0.0,0.0,0.0,0.0,0.0,0.0,0.0,0.0,0.0,2.8268551236749116e-06,0.0001086444790497,0.0,0.0,0.0,0.3333333333333333,0.0,0.0,0.0002775731199561,0.0,0.0,0.0,6
0.6,1.0,1.0,0.0461509287289706,0.0532417884615384,0.0,0.0,0.0,0.0,0.0,0.0,0.0532417884615384,0.07991645635,0.0,0.0,0.079731733299389,0.0,0.0652283745583038,0.000760511353348,0.0,0.0,0.0,0.0,0.046149075,0.0,0.0005859876976851,0.0,0.0,1.3150442477876106e-05,6
0.6,1.0,1.0,0.042114508266082,0.0485835769230769,0.0,0.0,0.0,0.0,0.0,0.0,0.0485835769230769,0.072923222025,0.0,0.0,0.0727534534419551,0.0,0.059523415795053,0.000760511353348,0.0,0.0,0.0,0.0,0.0421128166666666,0.0,0.0004763291811592,0.0,0.0,1.4973451327433628e-05,6
0.005074456384786874,0.002650718043940337,0.036052583756028066,0.04041135705092378,0.0165665483307984,0.02164374905315868,0.033685638827856426,0.04607168481906663,0.005605019439328302,0.00552946228996602,0.0064382384821738865,0.0022418852318649707,0.0163411112955009,0.0031199722943219543,0.04688419717461186,0.013558900259583524,0.032907406852048786,0.04360539693765701,0.024441465809820453,0.031316661670414095,0.0014080577410213735,0.026986126169066784,0.011384311501796897,0.03984399138283363,0.04392992160790388,0.043924291976126,0.007118106567354327,0.03467669254763356,0.0328510622462015,0
3.7780701937384364e-05,0.003733406172409265,0.034939545157592865,0.03256066558612176,0.04172096375887276,0.012514776517138688,0.03368401137739078,0.02590824923395348,0.02433055293189126,0.04023390288475712,0.03311472480863775,0.0013934239458701814,0.010854890039188337,0.03771517344623482,0.049871305688344705,0.019153311446430274,0.000515823387823694,0.032060282493834726,0.006431520036969252,0.038795094763383414,0.01960068138566697,0.03880093418900871,0.023109543648461385,0.04395657427791598,0.04940794967402662,0.002099984984033565,0.035738375207053676,0.02064181805892934,0.037654283090180124,0
0.6,1.0,1.0,0.0479598597210321,0.0553275769230769,0.0,0.0,0.0,0.0,0.0,0.0,0.0553275769230769,0.0830464383,0.0,0.0,0.0828536745417515,0.0,0.067785064770318,0.000760511353348,0.0,0.0,0.0,0.0,0.0479579333333333,0.0,0.0005585730685537,0.0,0.0,1.5646017699115044e-05,6
0.6,0.0081504058080202,0.0081488898863989,8.333668069000771e-07,9.615384615384617e-07,0.0,0.0,0.0,0.0,0.0,0.0,0.0,0.0,0.0,0.0,0.0,0.0,3.533568904593639e-06,0.0001086444790497,0.0,0.0,0.0,0.3333333333333333,0.0,0.0,0.0003461096927848,0.0,0.0,0.0,6
0.0061130610961242955,0.04871631104122055,0.030166266746712106,0.00043001137715228954,0.038179994978929314,0.012014045734465358,0.017398358269798932,0.009422194667532602,0.04202466328253848,0.0408952846659523,0.04855410884944923,0.024039359159056545,0.03690930483036171,0.003930261555621023,0.031270116769272154,0.006746550991402311,0.03133218836246396,0.021072035512820015,0.040125505689742165,0.04409513363083311,0.025577070872275516,0.020345117733260976,0.03922415866969836,0.009818249240095434,0.04940308623713604,0.02220098572757205,0.03234909188590542,0.017105206785559036,0.033745347291071724,0
0.01876129898189612,0.03745955725863137,0.007928447739268724,0.030299833507591353,0.013083829108585921,0.016151605121001313,0.006838891049243573,0.01357788898281267,0.006066669743116305,0.005865553893074699,0.03132632850581282,0.016025550361383745,0.0384276767919726,0.030998841295406716,0.025755948820796338,0.04550159618566825,0.034655454075629546,0.02201242928570567,0.018442680508654868,0.046365662932569995,0.034003009383207466,0.0008851404707629074,0.008471928899671249,0.0480969386327131,0.020355712024821133,0.03266031087398164,0.04647216247718173,0.02302850041132239,0.0404468141833127,0
0.038086566554331194,0.02861975710556874,0.036599004160318235,0.03201077460713241,0.035697153697452196,0.03906264995913422,0.04804229898917001,0.04510511089516091,0.030862707854291578,0.046026807304574154,0.00880614870771495,0.028062440415435805,0.00607590604448941,0.03164156252930467,0.03897857026549663,0.013391705595841165,0.03630166326215051,0.0019269205576616768,0.014987492706495714,0.046877853616201344,0.016589150055868463,0.0016818957812132164,0.017216291983018668,0.01469689210546667,0.0220056876181795,0.0433363458590994,0.01883297821774047,0.011708869085933844,0.010416883263336691,0
0.04090122988270546,0.01348416000895823,0.04990750666464095,0.027112194660082363,0.006860610039914162,0.03706394321090244,0.018976657227369076,0.04448371218359042,0.0329377956871926,0.045241855792053,0.030936342487614885,0.02796393051358445,0.011561845041808062,0.0349077012604473,0.043493313211454845,0.006706354266686987,0.045471776036479845,0.01100697029472536,0.013634091336194643,0.045157694535266725,0.011629900415384177,0.020452202687576432,0.0027921958029965555,0.03946091803393669,0.04993726094900608,0.027208600988540495,0.006827103054227296,0.01766269489845212,0.020766891587750098,0
0.6,1.0,1.0,0.0478879735002689,0.0552442403846153,0.0,0.0,0.0,0.0,0.0,0.0,0.0552442403846153,0.082921045225,0.0,0.0,0.0827282674949083,0.0,0.0676834628975265,0.000760511353348,0.0,0.0,0.0,0.0,0.04788605,0.0,0.0003529633500676,0.0,0.0,1.6371681415929202e-05,6
0.6,1.0,1.0,0.0487925598344866,0.0562901153846153,0.0,0.0,0.0,0.0,0.0,0.0,0.0562901153846153,0.084492642875,0.0,0.0,0.0842979581466395,0.0,0.0689619787985865,0.000760511353348,0.0,0.0,0.0,0.0,0.0487906,0.0,0.0004454877233863,0.0,0.0,1.238938053097345e-05,6
0.025603145449447667,0.0018211606088285592,0.0027392789255047626,0.021524181776538094,0.020522665568162703,0.0444148621996315,0.0021705237085605012,0.005224457726849963,0.045300046813338796,0.015188476988057293,0.004101451853506938,0.020420689800232025,0.016431984608805107,0.04585125802996587,0.005488799387617677,0.021287825696545495,0.041110320064422126,0.0014366420084209576,0.011279457989201342,0.02551516857061092,0.009312624142179333,0.034684333591554706,0.0006278410764437303,0.028624616115127507,0.0018836636365753391,0.048409291361109476,0.03623461598527116,0.016705629073174005,0.01722269142071007,0
0.6,1.0,1.0,0.0431333491895257,0.0497604326923076,0.0,0.0,0.0,0.0,0.0,0.0,0.0497604326923076,0.074690801425,0.0,0.0,0.0745180520977596,0.0,0.060963415795053,0.000760511353348,0.0,0.0,0.0,0.0,0.0431316166666666,0.0,0.0003803779791991,0.0,0.0,1.254867256637168e-05,6
0.026904186546428968,0.04419902055298866,0.009677290262827438,0.013633632154651432,0.0023064092923789194,0.006179789434043598,0.00851257519718362,0.007966694456990043,0.04247369155379867,0.012147622787545215,0.018334250049339,0.024995358246036437,0.0381310408873772,0.00974161225626069,0.008973586022261781,0.0054748553163898985,0.020730392192670855,0.02900531060101437,0.01764941026708163,0.021418946042692885,0.0051794764084724665,0.024363246149839785,0.012961313742541159,0.014799474623636056,0.038228918735491974,0.024764070996764666,0.03357963114339293,0.017816029205663487,0.012522592383718374,0
0.6,1.0,1.0,0.0497438980465715,0.057386875,0.0,0.0,0.0,0.0,0.0,0.0,0.057386875,0.0861383294749999,0.0,0.0,0.0859392811608961,0.0,0.0703065724381625,0.000760511353348,0.0,0.0,0.0,0.0,0.0497419,0.0,0.0002604389767489,0.0,0.0,1.4035398230088496e-05,6
0.6,1.0,1.0,0.0429085484933644,0.0495012211538461,0.0,0.0,0.0,0.0,0.0,0.0,0.0495012211538461,0.074301818875,0.0,0.0,0.0741300650509165,0.0,0.0606456890459363,0.000760511353348,0.0,0.0,0.0,0.0,0.042906825,0.0,0.0004146462656134,0.0,0.0,1.224778761061947e-05,6
0.6,1.0,1.0,0.0431714507199372,0.0498044903846153,0.0,0.0,0.0,0.0,0.0,0.0,0.0498044903846153,0.074757009025,0.0,0.0,0.0745841831364562,0.0,0.061017267385159,0.000760511353348,0.0,0.0,0.0,0.0,0.0431697166666666,0.0,0.0004523413806692,0.0,0.0,1.2371681415929203e-05,6
0.0,0.2805725831307147,0.0082179482752667,0.0005532388884286,0.0006167403846153,0.0237812071400934,0.0110392410521776,0.0269442248428186,0.0153930099663995,0.0083904109589041,0.012463308077011,0.0006286346153846,0.00065010339,0.0011205790955112,0.0153930099663995,0.0007628666272912,0.0083904109589041,0.0003909658420494,0.0006518668742983,0.0006167403846153,0.000729450190528,0.000729450190528,0.0,0.0005532166666666,0.0011206186268358,0.0003529633500676,0.0136239562973472,0.0,2.5486725663716815e-06,1
0.6,0.0078764425875826,0.0,8.333668069000772e-09,9.615384615384617e-09,0.005191998439757,0.0,0.0077208597498298,0.0,0.0005993150684931,0.0,9.615384615384617e-09,0.0,0.0,0.0,0.0,0.0005993150684931,3.533568904593639e-08,0.0003983630898489,0.0,0.0,0.0,0.0,8.333333333333334e-09,0.0,6.85365728286757e-06,0.0014042894480964,0.0,1.7699115044247792e-08,2
0.027870609889311844,0.022822547723453324,0.046435305100039244,0.02243347626279983,0.03528506003696213,0.04829444060249549,0.04071109370766102,0.04755859855730899,0.04592987967958745,0.023602805163413454,0.0034459966841401735,0.02543255463179256,0.01681868816412671,0.03822841129820015,0.0016998539092556164,0.020386149447083203,0.04826038858094148,0.04549478774471779,0.003179308005035997,0.049944387939293025,0.04282566063583182,0.035348704023783734,0.0001729077617382502,0.013707704430158214,0.013985462882704159,0.01072545998461903,0.031848119540324994,0.023878192002278944,0.04140419339349142,0
0.031786049439281046,0.034679491892610416,0.006788845434046831,0.017309329949500674,0.007185750754627418,0.012028508729202409,0.04193107241375548,0.04353933242695407,0.009398024619590196,0.04465726799050156,0.004316337854836999,0.03515567523318174,0.0282641229291031,0.028578336265947125,0.0014597653036743875,0.008488442037790074,0.013513347512513285,0.016187001658382594,0.04775334707701331,0.016975987557703055,0.004040075249304276,0.004045166105295767,0.0015741894172358606,0.010022073241663716,0.04184631357088047,0.02165113158744507,0.047123926988636836,0.006511118403105876,0.004023380832003126,0
0.029442092898453683,0.017376136265660258,0.03763809867698794,0.029554225899427307,0.01759888597997435,0.011771484156936546,0.015763492908048977,0.013850030670389958,0.026368382137004445,0.04843414420318848,0.030254379359834424,0.030550297541629013,0.03960064879506557,0.0019331515018949808,0.04000807187174355,0.0333739777358556,0.015581734249527912,0.0018457044983674232,0.021718950332840478,0.04461550800431285,0.025175428634300695,0.03486371471461835,0.030475747118254504,0.00332062373479039,0.02584299737310248,0.004424823970837532,0.038117322804734816,0.01290861233602239,0.00263991636039268,0
0.4,0.2805725831307147,3.452919443389386e-05,0.0085794362740236,0.0049534038461538,0.0014304485495416,0.0005174644243208,0.0016544699463921,0.0020677177565262,0.0002568493150684,0.0,0.0049579615384615,0.0070319372099999,4.068068189526184e-05,0.0020677177565262,3.283510103869653e-05,0.0,0.007275554770318,0.0006518668742983,0.0049583557692307,9.798584648884052e-05,9.798584648884052e-05,0.3333333333333333,0.0085748,0.9701231357668206,0.0015797680037009,0.0,0.0483870967741935,0.0090858053097345,1
0.025906030487778783,0.026712318572456234,0.045039960500325216,0.0411147148250385,0.014611794658376538,0.0398629280652368,0.008978273976507222,0.0358883115163021,0.03671224629272662,0.02984088440813626,0.0337423905834816,0.03204379894327477,0.013966887396999979,0.032609699091170355,0.04045483796849825,0.048768458276567964,0.02678754592602195,0.009225194192498598,0.011725719223520104,0.03942930415543978,0.03618201637960069,0.0370154496273847,0.010791656085881219,0.04347108790795823,0.03901773179615211,0.0024869834507025347,0.01254082286973145,0.014366371486937547,0.0431074467035584,0
0.043545191192920434,0.00941407409073965,0.008320472864773698,0.003896098789352698,0.01852125764301143,0.021389028578795655,0.014850836459961426,0.022994435344692928,0.006429284288307208,0.026380631668052813,0.02475116334819263,0.04617245025779221,0.03202930606750007,0.0018404778441558523,0.009754989559704436,0.01997450569440744,0.021069263273825863,0.0015574408473752967,0.030801388055989705,0.03490625132793364,0.0018411171558980089,0.04637063339255761,0.04949013926472254,0.03494866695113485,0.010730091281037158,0.04889898737528432,0.04913789720938638,0.03508676570172257,0.026160599188144035,0
0.6,1.0,1.0,0.0477408759251829,0.0550749615384615,0.0,0.0,0.0,0.0,0.0,0.0,0.0550749615384615,0.0826672708,0.0,0.0,0.0824753940122199,0.0,0.0674755594699646,0.000760511353348,0.0,0.0,0.0,0.0,0.0477389583333333,0.0,0.000435207237462,0.0,0.0,1.5557522123893807e-05,6
0.0,0.0081504058080202,0.0088740029695107,3.583477269670332e-07,4.134615384615385e-07,0.0033377132828201,0.0005174644243208,0.0049634098391763,0.0020677177565262,0.0002568493150684,0.0,0.0,0.0,0.0,0.0020677177565262,0.0,0.0002568493150684,1.5194346289752651e-06,0.0,0.0,3.26619488296135e-05,3.26619488296135e-05,0.3333333333333333,0.0,0.0,0.000150780460223,0.0,0.0483870967741935,0.0,1
0.00395814859322991,0.00811826713262343,0.015602817620346704,0.015519274694532521,0.03505509138008022,0.04494409795902091,0.027434290010165143,0.006057847033537284,0.029910301145683712,0.04043757297784769,0.012510874753844292,0.030427396126538355,0.01881516811365814,0.018900950473127915,0.028873294638622433,0.010324019631353959,0.014248221196611139,0.027560003401895905,0.0037531868051925324,0.006146194429102348,0.02565821297052814,0.0013552411065904824,0.007163920032457244,0.03539283841337156,0.011395338635126645,0.007296189254342767,0.011786666333043606,0.028021000546979015,0.0362585572261963,0
0.020093277023068696,0.04055962923504817,0.03590265742308937,0.0243990778059176,0.04780242623460012,0.03338639864520258,0.0457619250635249,0.009976451469654497,0.04334338406286142,0.018736160975149723,0.02437515842396464,0.04370309926293258,0.0088152894997442,0.03395526146873931,0.02734144991332085,0.02242314061310237,0.03298656788112255,0.017851515129345442,0.01251750999945554,0.01638464309791094,0.015965435572237282,0.048257252545559286,0.0019464102856582733,0.037096440001471026,0.029848587613640256,0.03983094163111726,0.027296288164571938,0.01971143335534934,0.012821660723548574,0
0.04398372298428586,0.0092737865008936,0.03927422398356698,0.029903081061269318,0.03565403622018903,0.0060435841437252785,0.016192724851485086,0.022432217051517572,0.016042316942269985,0.024128737072649682,0.04013954777239063,0.04648982564631749,0.03943695487559352,0.029959835795628553,0.009788945546116057,0.04760891112836311,0.045508826993320456,0.009533342987357463,0.03503777716866474,0.04118164934939367,0.009579085455593207,0.013328925439448948,0.015578222317799635,0.008149277419326818,0.02770281318889958,0.03807810112278398,0.03912548836247337,0.033868182611865603,0.046785114011392015,0
0.011349187331993367,0.025028538408069692,0.005522095696382462,0.03884012875685082,0.021609178289348677,0.01861368946140603,0.023281840246301817,0.026875076902426378,0.048484335529895506,0.009154852415744541,0.020081905013631492,0.016682135460477594,0.04127451454407849,0.04130914298374818,0.04454599861483747,0.025004239519835776,0.011504224404783887,0.004652561610026018,0.021710013662048635,0.015588608533569732,0.03130177742285747,0.03837154606997519,0.04798805425179106,0.02149265466739079,0.0330706047391809,0.03946463723140068,0.002678603233642124,0.013303395082557257,0.03662712908381846,0
0.6,1.0,1.0,0.0483531838528847,0.055783125,0.0,0.0,0.0,0.0,0.0,0.0,0.055783125,0.0837315653249999,0.0,0.0,0.0835385600203666,0.0,0.0683409776325088,0.000760511353348,0.0,0.0,0.0,0.0,0.0483512416666666,0.0,0.0004386340661035,0.0,0.0,1.2460176991150442e-05,6
0.0480284333279255,0.014862702825980973,0.0011206861870768636,0.028583183998169927,0.02359900203504105,0.005825619925565301,0.011362649458936658,0.016756408565837173,0.010677481437944225,0.04606832393444688,0.002107436488757225,0.025681444332767995,0.029303598929010233,0.02204331260703948,2.119025660951568e-05,0.045523389313012,0.04016546802090385,0.0014150183955386254,0.015559983000970556,0.03389778668252989,0.040014468352103705,0.017846766610560633,0.019608202147195875,0.0018180401492235488,0.012035433747151398,0.03940235662783133,0.043860513894438194,0.017541450836868373,0.039322290073124516,0
0.6,1.0,1.0,0.0447388803450271,0.0516130673076923,0.0,0.0,0.0,0.0,0.0,0.0,0.0516130673076923,0.077471940975,0.0,0.0,0.07729307898167,0.0,0.0632326266077738,0.000760511353348,0.0,0.0,0.0,0.0,0.0447370833333333,0.0,0.0003221218922947,0.0,0.0,1.2230088495575222e-05,6
0.6,1.0,1.0,0.0430699633101929,0.0496871923076923,0.0,0.0,0.0,0.0,0.0,0.0,0.0496871923076923,0.07458078005,0.0,0.0,0.0744081985132382,0.0,0.0608738280212014,0.000760511353348,0.0,0.0,0.0,0.0,0.0430682333333333,0.0,0.0005414389253465,0.0,0.0,1.2743362831858406e-05,6
0.04819266966563849,0.0013753193780233876,0.04004488322302657,0.0235930684740715,0.03806892183448229,0.012568343377578523,0.012810592822918293,0.03032590527496476,0.012954030951772,0.011516932696926031,0.03939950456963217,0.021276831947609466,0.0018444489357702376,0.008625718858729576,0.03583795611228462,0.040759909021054336,0.008939771109785088,0.0022991849818800427,0.03982578041524579,0.03919197423928948,0.037361331540043584,0.008648848034179908,0.045318786263927296,0.035985400235381,0.012787341538887654,0.005218934621783128,0.012303108020634768,0.01631541065405907,0.003693399492995908,0
0.0052610407567743826,0.003545536913076375,0.026738321446068292,0.0376392076540151,0.04719273048753735,0.03620617632480384,0.04450267013137296,0.02387227409030328,0.04136250221870787,0.015522135749180821,0.02501088021836445,0.009918702924636397,0.020730385558114142,0.04075969651036889,0.025692151808523103,0.043160500848780405,0.011968487077690876,0.0290666921966254,0.027765561807092377,0.03416015856203641,0.0011491327188942468,0.018281841805130955,0.02213678634798649,0.000611644841501452,0.0025653182872390325,0.007537153034702388,0.01921393226415426,0.03363022478392916,0.03080811589530349,0
0.0,0.0461285572411903,0.0088740029695107,1.4167235717301312e-07,1.6346153846153846e-07,0.0033377132828201,0.0005174644243208,0.0049634098391763,0.0020677177565262,0.0002568493150684,0.0,0.0,0.0,0.0,0.0020677177565262,0.0,0.0002568493150684,6.007067137809188e-07,0.0,0.0,3.26619488296135e-05,3.26619488296135e-05,0.3333333333333333,0.0,0.0,6.168291554580814e-05,0.0,0.0483870967741935,0.0,1
0.016963340700201276,0.023634493489133004,0.020828712133577877,0.00510389146554156,0.012885441460846442,0.014529823460224101,0.01929048259574453,0.011929900415632334,0.04103165101691661,0.012492100000763718,0.0015201002281839905,0.027786581267102956,0.013974016785088656,0.030510295440995677,0.004543949998685903,0.029724789299239565,0.03653345592515851,0.01859916068851505,0.005713809498236428,0.04551587162492226,0.02853716885970724,0.03770865002646362,0.04346290374285103,0.03120541478299421,0.03926297425007248,0.02557242028525533,0.042598488356981934,0.008748780849237093,0.023017322694702164,0
0.6,1.0,1.0,0.0431958517000432,0.0498307788461538,0.0,0.0,0.0,0.0,0.0,0.0,0.0498307788461538,0.074795071075,0.0,0.0,0.0746207626069246,0.0,0.0610517550176678,0.000760511353348,0.0,0.0,0.0,0.0,0.0431941166666666,0.0,0.000435207237462,0.0,0.0,1.5805309734513274e-05,6
0.04779287453956591,0.044803219744221134,0.02325249867480532,0.0036544428719987756,0.04549154077801573,0.03965845967892317,0.033425041723522834,0.0035918607207238496,0.036516828534627,0.03268635299438796,0.02608047492121256,0.0032246136837434103,0.04044277770004781,0.032788923239615485,0.02045455340274214,0.02517453494669024,0.02494187680286592,0.019935941877767784,0.044628442572841334,0.03870789766777819,0.046197889700457226,0.0075663265832586315,0.012351984054388799,0.010937789606100347,0.008581209538737278,0.04248551064219322,0.04568785533687158,0.009251665485676037,0.01372293739056964,0
0.6,1.0,1.0,0.0431958517000432,0.0498307788461538,0.0,0.0,0.0,0.0,0.0,0.0,0.0498307788461538,0.074795071075,0.0,0.0,0.0746207626069246,0.0,0.0610517550176678,0.000760511353348,0.0,0.0,0.0,0.0,0.0431941166666666,0.0,0.000435207237462,0.0,0.0,1.5805309734513274e-05,6
0.0,0.0081504058080202,0.0088740029695107,1.83340697518017e-07,2.1153846153846157e-07,0.0033377132828201,0.0005174644243208,0.0049634098391763,0.0020677177565262,0.0002568493150684,0.0,0.0,0.0,0.0,0.0020677177565262,0.0,0.0002568493150684,7.773851590106007e-07,0.0,0.0,3.26619488296135e-05,3.26619488296135e-05,0.3333333333333333,0.0,0.0,7.881705875297705e-05,0.0,0.0483870967741935,0.0,1
0.02745406877207029,0.008833678776455777,0.032322375000786094,0.0447794087595859,0.006277762941220889,0.036523213077857934,0.03132405250511611,0.020194270688064616,0.0011915880890831455,0.010518155075080006,0.03066547437796794,0.023688544352455883,0.025259468026627138,0.02051757730253345,0.03660002779680167,0.02800433098259172,0.0483586762143018,0.016335364173230612,0.0391953313005508,0.04292590836307933,0.0038592185287953276,0.02288115931219912,0.007567531638703235,0.015058161547816296,0.03614123995368226,0.02164203839568777,0.011865076128036374,0.004292494073494318,0.04801462656833363,0
0.029995946540061838,0.032272462212874845,0.03679836272247596,0.0067234950949016555,0.010869469877628952,0.018388050928484168,0.04663845559319226,0.04351461302117547,0.0285667180699418,0.04666224642836131,0.0031161251621142083,0.02009211963504294,0.02774008437880912,0.0053727628597481205,0.019746812639733265,0.0384040804262329,0.030683143666041815,0.025357739118708613,0.011258002124284922,0.012802967444183334,0.016024388889751096,0.0025733064507069085,0.025489220323741985,0.003907882932682588,0.046363551863545856,0.014021162875136883,0.0454745917021597,0.04342238769682536,0.04856610710143339,0
